P4,38,289,45,"[S, S, S, D0, D1, D2, O, D3]","[L3, L1, L2, ECU1, ECU2, ECU4, ECU3]"
P4,8,560,1729,"[D0, D1, S, O, D2, D3, O, S]","[L4, L3, L2, ECU2, ECU3, ECU1, ECU4]"
P4,4,392,45,"[D0, D1, D2, O, S, S, D3, O]","[L3, L4, L1, ECU2, ECU3, ECU1, ECU4]"
P4,33,226,1049,"[S, D0, D1, O, D2, S, O, D3]","[L2, L3, L4, ECU2, ECU4, ECU1, ECU3]"
P4,37,128,45,"[S, S, D0, O, D1, D2, O, D3]","[L1, L4, L3, ECU2, ECU3, ECU1, ECU4]"
P4,1,411,147,"[D0, D1, D2, O, D3, S, O, S]","[L3, L4, L2, ECU1, ECU3, ECU4, ECU2]"
P4,36,329,187,"[S, D0, S, O, D1, D2, O, D3]","[L3, L1, L4, ECU3, ECU4, ECU2, ECU1]"
P4,15,297,1665,"[D0, S, D1, O, S, D2, O, D3]","[L3, L1, L2, ECU2, ECU3, ECU4, ECU1]"
P4,16,242,107,"[D0, S, D1, O, S, S, D2, D3]","[L2, L4, L1, ECU1, ECU3, ECU2, ECU4]"
P4,30,111,107,"[O, S, S, D0, D1, D2, O, D3]","[L1, L4, L2, ECU3, ECU2, ECU4, ECU1]"
P4,8,571,537,"[D0, D1, S, O, D2, D3, O, S]","[L4, L3, L2, ECU4, ECU1, ECU3, ECU2]"
P4,24,144,45,"[O, D0, D1, O, D2, D3, O, S]","[L2, L1, L3, ECU1, ECU2, ECU3, ECU4]"
P4,8,260,45,"[D0, D1, S, O, D2, D3, O, S]","[L2, L4, L1, ECU4, ECU2, ECU1, ECU3]"
P4,3,575,3509,"[D0, D1, D2, O, S, D3, O, S]","[L4, L3, L2, ECU4, ECU3, ECU2, ECU1]"
P4,27,487,45,"[O, D0, D1, O, S, S, D2, D3]","[L4, L2, L1, ECU2, ECU1, ECU4, ECU3]"
P4,22,267,247,"[D0, S, S, O, D1, D2, O, D3]","[L2, L4, L3, ECU1, ECU3, ECU4, ECU2]"
P4,36,38,45,"[S, D0, S, O, D1, D2, O, D3]","[L1, L2, L4, ECU3, ECU2, ECU1, ECU4]"
P4,13,322,45,"[D0, S, D1, O, D2, D3, O, S]","[L3, L1, L4, ECU2, ECU4, ECU1, ECU3]"
P4,12,496,45,"[D0, S, D1, O, D2, D3, O, O]","[L4, L2, L1, ECU3, ECU4, ECU1, ECU2]"
P4,31,239,45,"[S, D0, D1, O, D2, D3, O, O]","[L2, L3, L4, ECU4, ECU3, ECU2, ECU1]"
P4,9,135,630,"[D0, D1, S, O, D2, S, O, D3]","[L1, L4, L3, ECU3, ECU2, ECU4, ECU1]"
P4,0,69,511,"[D0, D1, D2, O, D3, S, O, O]","[L1, L3, L2, ECU4, ECU2, ECU3, ECU1]"
P4,13,283,698,"[D0, S, D1, O, D2, D3, O, S]","[L2, L4, L3, ECU4, ECU1, ECU3, ECU2]"
P4,8,252,704,"[D0, D1, S, O, D2, D3, O, S]","[L2, L4, L1, ECU3, ECU1, ECU2, ECU4]"
P4,2,170,107,"[D0, D1, D2, O, S, D3, O, O]","[L2, L1, L4, ECU1, ECU3, ECU2, ECU4]"
P4,19,9,703,"[D0, S, S, D1, D2, S, O, D3]","[L1, L2, L3, ECU2, ECU3, ECU4, ECU1]"
P4,6,567,207,"[D0, D1, D2, O, S, S, O, D3]","[L4, L3, L2, ECU3, ECU2, ECU4, ECU1]"
P4,22,506,247,"[D0, S, S, O, D1, D2, O, D3]","[L4, L2, L3, ECU1, ECU3, ECU2, ECU4]"
P4,37,564,45,"[S, S, D0, O, D1, D2, O, D3]","[L4, L3, L2, ECU3, ECU1, ECU2, ECU4]"
P4,23,240,45,"[O, D0, D1, O, D2, D3, O, O]","[L2, L4, L1, ECU1, ECU2, ECU3, ECU4]"
P4,7,146,107,"[D0, D1, S, O, D2, D3, O, O]","[L2, L1, L3, ECU1, ECU3, ECU2, ECU4]"
P4,5,238,45,"[D0, D1, D2, O, S, S, D3, S]","[L2, L3, L4, ECU4, ECU3, ECU1, ECU2]"
P4,2,5,87,"[D0, D1, D2, O, S, D3, O, O]","[L1, L2, L3, ECU1, ECU4, ECU3, ECU2]"
P4,38,486,45,"[S, S, S, D0, D1, D2, O, D3]","[L4, L2, L1, ECU2, ECU1, ECU3, ECU4]"
P4,32,49,45,"[S, D0, D1, O, D2, D3, O, S]","[L1, L3, L2, ECU1, ECU2, ECU4, ECU3]"
P4,25,79,45,"[O, D0, D1, O, D2, S, O, D3]","[L1, L3, L4, ECU2, ECU1, ECU4, ECU3]"
P4,23,203,45,"[O, D0, D1, O, D2, D3, O, O]","[L2, L3, L1, ECU2, ECU4, ECU3, ECU1]"
P4,15,539,87,"[D0, S, D1, O, S, D2, O, D3]","[L4, L3, L1, ECU2, ECU4, ECU3, ECU1]"
P4,3,142,45,"[D0, D1, D2, O, S, D3, O, S]","[L1, L4, L3, ECU4, ECU3, ECU1, ECU2]"
P4,5,562,1440,"[D0, D1, D2, O, S, S, D3, S]","[L4, L3, L2, ECU2, ECU4, ECU1, ECU3]"
P4,12,334,45,"[D0, S, D1, O, D2, D3, O, O]","[L3, L1, L4, ECU4, ECU3, ECU1, ECU2]"
P4,3,186,45,"[D0, D1, D2, O, S, D3, O, S]","[L2, L1, L4, ECU4, ECU1, ECU2, ECU3]"
P4,30,574,45,"[O, S, S, D0, D1, D2, O, D3]","[L4, L3, L2, ECU4, ECU3, ECU1, ECU2]"
P4,3,47,2583,"[D0, D1, D2, O, S, D3, O, S]","[L1, L2, L4, ECU4, ECU3, ECU2, ECU1]"
P4,2,337,147,"[D0, D1, D2, O, S, D3, O, O]","[L3, L2, L1, ECU1, ECU2, ECU4, ECU3]"
P4,11,377,701,"[D0, D1, S, O, S, S, D2, D3]","[L3, L2, L4, ECU3, ECU4, ECU2, ECU1]"
P4,35,491,147,"[S, D0, D1, O, S, S, D2, D3]","[L4, L2, L1, ECU2, ECU4, ECU3, ECU1]"
P4,31,562,45,"[S, D0, D1, O, D2, D3, O, O]","[L4, L3, L2, ECU2, ECU4, ECU1, ECU3]"
P4,12,540,883,"[D0, S, D1, O, D2, D3, O, O]","[L4, L3, L1, ECU3, ECU1, ECU2, ECU4]"
P4,10,390,910,"[D0, D1, S, O, S, D2, O, D3]","[L3, L4, L1, ECU2, ECU1, ECU3, ECU4]"
P4,33,176,187,"[S, D0, D1, O, D2, S, O, D3]","[L2, L1, L4, ECU2, ECU3, ECU1, ECU4]"
P4,15,268,1627,"[D0, S, D1, O, S, D2, O, D3]","[L2, L4, L3, ECU1, ECU4, ECU2, ECU3]"
P4,18,445,4015,"[D0, S, S, D1, D2, D3, O, S]","[L4, L1, L2, ECU3, ECU1, ECU4, ECU2]"
P4,16,174,310,"[D0, S, D1, O, S, S, D2, D3]","[L2, L1, L4, ECU2, ECU1, ECU3, ECU4]"
P4,32,213,45,"[S, D0, D1, O, D2, D3, O, S]","[L2, L3, L1, ECU4, ECU2, ECU3, ECU1]"
P4,11,371,701,"[D0, D1, S, O, S, S, D2, D3]","[L3, L2, L4, ECU2, ECU4, ECU3, ECU1]"
P4,27,302,197,"[O, D0, D1, O, S, S, D2, D3]","[L3, L1, L2, ECU3, ECU2, ECU1, ECU4]"
P4,24,440,11363,"[O, D0, D1, O, D2, D3, O, S]","[L4, L1, L2, ECU2, ECU3, ECU1, ECU4]"
P4,30,333,196,"[O, S, S, D0, D1, D2, O, D3]","[L3, L1, L4, ECU4, ECU2, ECU3, ECU1]"
P4,26,195,45,"[O, D0, D1, O, S, D2, O, D3]","[L2, L3, L1, ECU1, ECU3, ECU4, ECU2]"
P4,24,41,45,"[O, D0, D1, O, D2, D3, O, S]","[L1, L2, L4, ECU3, ECU4, ECU2, ECU1]"
P4,3,498,45,"[D0, D1, D2, O, S, D3, O, S]","[L4, L2, L1, ECU4, ECU1, ECU2, ECU3]"
P4,31,147,45,"[S, D0, D1, O, D2, D3, O, O]","[L2, L1, L3, ECU1, ECU3, ECU4, ECU2]"
P4,9,142,910,"[D0, D1, S, O, D2, S, O, D3]","[L1, L4, L3, ECU4, ECU3, ECU1, ECU2]"
P4,37,375,187,"[S, S, D0, O, D1, D2, O, D3]","[L3, L2, L4, ECU3, ECU2, ECU4, ECU1]"
P4,38,429,107,"[S, S, S, D0, D1, D2, O, D3]","[L3, L4, L2, ECU4, ECU2, ECU3, ECU1]"
P4,18,382,45,"[D0, S, S, D1, D2, D3, O, S]","[L3, L2, L4, ECU4, ECU3, ECU1, ECU2]"
P4,5,142,45,"[D0, D1, D2, O, S, S, D3, S]","[L1, L4, L3, ECU4, ECU3, ECU1, ECU2]"
P4,19,477,150,"[D0, S, S, D1, D2, S, O, D3]","[L4, L1, L3, ECU4, ECU2, ECU3, ECU1]"
P4,24,179,45,"[O, D0, D1, O, D2, D3, O, S]","[L2, L1, L4, ECU2, ECU4, ECU3, ECU1]"
P4,4,126,45,"[D0, D1, D2, O, S, S, D3, O]","[L1, L4, L3, ECU2, ECU1, ECU3, ECU4]"
P4,16,312,150,"[D0, S, D1, O, S, S, D2, D3]","[L3, L1, L4, ECU1, ECU2, ECU3, ECU4]"
P4,35,571,1497,"[S, D0, D1, O, S, S, D2, D3]","[L4, L3, L2, ECU4, ECU1, ECU3, ECU2]"
P4,27,500,2370,"[O, D0, D1, O, S, S, D2, D3]","[L4, L2, L1, ECU4, ECU2, ECU1, ECU3]"
P4,12,121,87,"[D0, S, D1, O, D2, D3, O, O]","[L1, L4, L3, ECU1, ECU2, ECU4, ECU3]"
P4,22,375,187,"[D0, S, S, O, D1, D2, O, D3]","[L3, L2, L4, ECU3, ECU2, ECU4, ECU1]"
P4,28,288,432,"[O, D0, S, O, D1, D2, O, D3]","[L3, L1, L2, ECU1, ECU2, ECU3, ECU4]"
P4,37,458,2655,"[S, S, D0, O, D1, D2, O, D3]","[L4, L1, L3, ECU1, ECU3, ECU2, ECU4]"
P4,6,444,45,"[D0, D1, D2, O, S, S, O, D3]","[L4, L1, L2, ECU3, ECU1, ECU2, ECU4]"
P4,19,307,233,"[D0, S, S, D1, D2, S, O, D3]","[L3, L1, L2, ECU4, ECU1, ECU3, ECU2]"
P4,31,384,45,"[S, D0, D1, O, D2, D3, O, O]","[L3, L4, L1, ECU1, ECU2, ECU3, ECU4]"
P4,17,325,4600,"[D0, S, S, D1, D2, D3, O, O]","[L3, L1, L4, ECU3, ECU1, ECU4, ECU2]"
P4,22,239,187,"[D0, S, S, O, D1, D2, O, D3]","[L2, L3, L4, ECU4, ECU3, ECU2, ECU1]"
P4,7,404,45,"[D0, D1, S, O, D2, D3, O, O]","[L3, L4, L1, ECU4, ECU2, ECU1, ECU3]"
P4,26,256,704,"[O, D0, D1, O, S, D2, O, D3]","[L2, L4, L1, ECU3, ECU4, ECU1, ECU2]"
P4,19,456,257,"[D0, S, S, D1, D2, S, O, D3]","[L4, L1, L3, ECU1, ECU2, ECU3, ECU4]"
P4,26,305,107,"[O, D0, D1, O, S, D2, O, D3]","[L3, L1, L2, ECU3, ECU4, ECU2, ECU1]"
P4,13,450,194,"[D0, S, D1, O, D2, D3, O, S]","[L4, L1, L2, ECU4, ECU1, ECU2, ECU3]"
P4,19,156,1431,"[D0, S, S, D1, D2, S, O, D3]","[L2, L1, L3, ECU3, ECU1, ECU2, ECU4]"
P4,38,332,45,"[S, S, S, D0, D1, D2, O, D3]","[L3, L1, L4, ECU4, ECU2, ECU1, ECU3]"
P4,27,473,214,"[O, D0, D1, O, S, S, D2, D3]","[L4, L1, L3, ECU3, ECU4, ECU2, ECU1]"
P4,1,508,187,"[D0, D1, D2, O, D3, S, O, S]","[L4, L2, L3, ECU1, ECU4, ECU2, ECU3]"
P4,31,169,45,"[S, D0, D1, O, D2, D3, O, O]","[L2, L1, L4, ECU1, ECU2, ECU4, ECU3]"
P4,14,67,420,"[D0, S, D1, O, D2, S, O, D3]","[L1, L3, L2, ECU4, ECU1, ECU3, ECU2]"
P4,10,189,187,"[D0, D1, S, O, S, D2, O, D3]","[L2, L1, L4, ECU4, ECU2, ECU3, ECU1]"
P4,15,403,580,"[D0, S, D1, O, S, D2, O, D3]","[L3, L4, L1, ECU4, ECU1, ECU3, ECU2]"
P4,12,311,45,"[D0, S, D1, O, D2, D3, O, O]","[L3, L1, L2, ECU4, ECU3, ECU2, ECU1]"
P4,16,23,207,"[D0, S, D1, O, S, S, D2, D3]","[L1, L2, L3, ECU4, ECU3, ECU2, ECU1]"
P4,20,444,3705,"[D0, S, S, D1, S, D2, O, D3]","[L4, L1, L2, ECU3, ECU1, ECU2, ECU4]"
P4,28,296,45,"[O, D0, S, O, D1, D2, O, D3]","[L3, L1, L2, ECU2, ECU3, ECU1, ECU4]"
P4,5,3,87,"[D0, D1, D2, O, S, S, D3, S]","[L1, L2, L3, ECU1, ECU3, ECU4, ECU2]"
P4,35,543,363,"[S, D0, D1, O, S, S, D2, D3]","[L4, L3, L1, ECU3, ECU2, ECU4, ECU1]"
P4,13,551,45,"[D0, S, D1, O, D2, D3, O, S]","[L4, L3, L1, ECU4, ECU3, ECU2, ECU1]"
P4,23,112,45,"[O, D0, D1, O, D2, D3, O, O]","[L1, L4, L2, ECU3, ECU4, ECU1, ECU2]"
P4,22,15,147,"[D0, S, S, O, D1, D2, O, D3]","[L1, L2, L3, ECU3, ECU2, ECU4, ECU1]"
P4,10,225,477,"[D0, D1, S, O, S, D2, O, D3]","[L2, L3, L4, ECU2, ECU3, ECU4, ECU1]"
P4,10,440,180,"[D0, D1, S, O, S, D2, O, D3]","[L4, L1, L2, ECU2, ECU3, ECU1, ECU4]"
P4,19,266,247,"[D0, S, S, D1, D2, S, O, D3]","[L2, L4, L3, ECU1, ECU3, ECU2, ECU4]"
P4,0,554,887,"[D0, D1, D2, O, D3, S, O, O]","[L4, L3, L2, ECU1, ECU3, ECU2, ECU4]"
P4,36,240,6576,"[S, D0, S, O, D1, D2, O, D3]","[L2, L4, L1, ECU1, ECU2, ECU3, ECU4]"
P4,2,218,107,"[D0, D1, D2, O, S, D3, O, O]","[L2, L3, L4, ECU1, ECU3, ECU2, ECU4]"
P4,20,192,207,"[D0, S, S, D1, S, D2, O, D3]","[L2, L3, L1, ECU1, ECU2, ECU3, ECU4]"
P4,29,110,45,"[O, S, D0, O, D1, D2, O, D3]","[L1, L4, L2, ECU3, ECU2, ECU1, ECU4]"
P4,18,357,45,"[D0, S, S, D1, D2, D3, O, S]","[L3, L2, L1, ECU4, ECU2, ECU3, ECU1]"
P4,20,345,1191,"[D0, S, S, D1, S, D2, O, D3]","[L3, L2, L1, ECU2, ECU3, ECU4, ECU1]"
P4,7,420,1076,"[D0, D1, S, O, D2, D3, O, O]","[L3, L4, L2, ECU3, ECU1, ECU2, ECU4]"
P4,24,559,45,"[O, D0, D1, O, D2, D3, O, S]","[L4, L3, L2, ECU2, ECU1, ECU4, ECU3]"
P4,3,148,107,"[D0, D1, D2, O, S, D3, O, S]","[L2, L1, L3, ECU1, ECU4, ECU2, ECU3]"
P4,33,402,1584,"[S, D0, D1, O, D2, S, O, D3]","[L3, L4, L1, ECU4, ECU1, ECU2, ECU3]"
P4,5,157,1862,"[D0, D1, D2, O, S, S, D3, S]","[L2, L1, L3, ECU3, ECU1, ECU4, ECU2]"
P4,7,239,45,"[D0, D1, S, O, D2, D3, O, O]","[L2, L3, L4, ECU4, ECU3, ECU2, ECU1]"
P4,0,139,45,"[D0, D1, D2, O, D3, S, O, O]","[L1, L4, L3, ECU4, ECU1, ECU3, ECU2]"
P4,36,49,2504,"[S, D0, S, O, D1, D2, O, D3]","[L1, L3, L2, ECU1, ECU2, ECU4, ECU3]"
P4,28,558,45,"[O, D0, S, O, D1, D2, O, D3]","[L4, L3, L2, ECU2, ECU1, ECU3, ECU4]"
P4,29,388,915,"[O, S, D0, O, D1, D2, O, D3]","[L3, L4, L1, ECU1, ECU4, ECU2, ECU3]"
P4,9,383,187,"[D0, D1, S, O, D2, S, O, D3]","[L3, L2, L4, ECU4, ECU3, ECU2, ECU1]"
P4,7,555,187,"[D0, D1, S, O, D2, D3, O, O]","[L4, L3, L2, ECU1, ECU3, ECU4, ECU2]"
P4,5,280,8514,"[D0, D1, D2, O, S, S, D3, S]","[L2, L4, L3, ECU3, ECU4, ECU1, ECU2]"
P4,36,123,2240,"[S, D0, S, O, D1, D2, O, D3]","[L1, L4, L3, ECU1, ECU3, ECU4, ECU2]"
P4,30,17,2677,"[O, S, S, D0, D1, D2, O, D3]","[L1, L2, L3, ECU3, ECU4, ECU2, ECU1]"
P4,13,191,45,"[D0, S, D1, O, D2, D3, O, S]","[L2, L1, L4, ECU4, ECU3, ECU2, ECU1]"
P4,26,185,187,"[O, D0, D1, O, S, D2, O, D3]","[L2, L1, L4, ECU3, ECU4, ECU2, ECU1]"
P4,30,423,107,"[O, S, S, D0, D1, D2, O, D3]","[L3, L4, L2, ECU3, ECU2, ECU4, ECU1]"
P4,22,543,87,"[D0, S, S, O, D1, D2, O, D3]","[L4, L3, L1, ECU3, ECU2, ECU4, ECU1]"
P4,2,375,659,"[D0, D1, D2, O, S, D3, O, O]","[L3, L2, L4, ECU3, ECU2, ECU4, ECU1]"
P4,13,526,45,"[D0, S, D1, O, D2, D3, O, S]","[L4, L2, L3, ECU4, ECU3, ECU1, ECU2]"
P4,27,192,45,"[O, D0, D1, O, S, S, D2, D3]","[L2, L3, L1, ECU1, ECU2, ECU3, ECU4]"
P4,13,448,45,"[D0, S, D1, O, D2, D3, O, S]","[L4, L1, L2, ECU3, ECU4, ECU1, ECU2]"
P4,29,521,147,"[O, S, D0, O, D1, D2, O, D3]","[L4, L2, L3, ECU3, ECU4, ECU2, ECU1]"
P4,14,481,1643,"[D0, S, D1, O, D2, S, O, D3]","[L4, L2, L1, ECU1, ECU2, ECU4, ECU3]"
P4,12,570,420,"[D0, S, D1, O, D2, D3, O, O]","[L4, L3, L2, ECU4, ECU1, ECU2, ECU3]"
P4,13,427,657,"[D0, S, D1, O, D2, D3, O, S]","[L3, L4, L2, ECU4, ECU1, ECU3, ECU2]"
P4,19,123,642,"[D0, S, S, D1, D2, S, O, D3]","[L1, L4, L3, ECU1, ECU3, ECU4, ECU2]"
P4,19,164,681,"[D0, S, S, D1, D2, S, O, D3]","[L2, L1, L3, ECU4, ECU2, ECU1, ECU3]"
P4,24,129,6872,"[O, D0, D1, O, D2, D3, O, S]","[L1, L4, L3, ECU2, ECU3, ECU4, ECU1]"
P4,12,108,704,"[D0, S, D1, O, D2, D3, O, O]","[L1, L4, L2, ECU3, ECU1, ECU2, ECU4]"
P4,17,251,45,"[D0, S, S, D1, D2, D3, O, O]","[L2, L4, L1, ECU2, ECU4, ECU3, ECU1]"
P4,1,522,45,"[D0, D1, D2, O, D3, S, O, S]","[L4, L2, L3, ECU4, ECU1, ECU2, ECU3]"
P4,2,19,45,"[D0, D1, D2, O, S, D3, O, O]","[L1, L2, L3, ECU4, ECU1, ECU3, ECU2]"
P4,16,142,4235,"[D0, S, D1, O, S, S, D2, D3]","[L1, L4, L3, ECU4, ECU3, ECU1, ECU2]"
P4,12,149,4208,"[D0, S, D1, O, D2, D3, O, O]","[L2, L1, L3, ECU1, ECU4, ECU3, ECU2]"
P4,1,6,45,"[D0, D1, D2, O, D3, S, O, S]","[L1, L2, L3, ECU2, ECU1, ECU3, ECU4]"
P4,32,107,45,"[S, D0, D1, O, D2, D3, O, S]","[L1, L4, L2, ECU2, ECU4, ECU3, ECU1]"
P4,9,92,918,"[D0, D1, S, O, D2, S, O, D3]","[L1, L3, L4, ECU4, ECU2, ECU1, ECU3]"
P4,19,138,586,"[D0, S, S, D1, D2, S, O, D3]","[L1, L4, L3, ECU4, ECU1, ECU2, ECU3]"
P4,18,173,232,"[D0, S, S, D1, D2, D3, O, S]","[L2, L1, L4, ECU1, ECU4, ECU3, ECU2]"
P4,23,229,45,"[O, D0, D1, O, D2, D3, O, O]","[L2, L3, L4, ECU3, ECU1, ECU4, ECU2]"
P4,24,528,45,"[O, D0, D1, O, D2, D3, O, S]","[L4, L3, L1, ECU1, ECU2, ECU3, ECU4]"
P4,20,145,872,"[D0, S, S, D1, S, D2, O, D3]","[L2, L1, L3, ECU1, ECU2, ECU4, ECU3]"
P4,4,426,45,"[D0, D1, D2, O, S, S, D3, O]","[L3, L4, L2, ECU4, ECU1, ECU2, ECU3]"
P4,16,193,107,"[D0, S, D1, O, S, S, D2, D3]","[L2, L3, L1, ECU1, ECU2, ECU4, ECU3]"
P4,6,332,45,"[D0, D1, D2, O, S, S, O, D3]","[L3, L1, L4, ECU4, ECU2, ECU1, ECU3]"
P4,15,561,528,"[D0, S, D1, O, S, D2, O, D3]","[L4, L3, L2, ECU2, ECU3, ECU4, ECU1]"
P4,17,0,147,"[D0, S, S, D1, D2, D3, O, O]","[L1, L2, L3, ECU1, ECU2, ECU3, ECU4]"
P4,17,136,45,"[D0, S, S, D1, D2, D3, O, O]","[L1, L4, L3, ECU3, ECU4, ECU1, ECU2]"
P4,30,377,187,"[O, S, S, D0, D1, D2, O, D3]","[L3, L2, L4, ECU3, ECU4, ECU2, ECU1]"
P4,9,169,107,"[D0, D1, S, O, D2, S, O, D3]","[L2, L1, L4, ECU1, ECU2, ECU4, ECU3]"
P4,18,203,45,"[D0, S, S, D1, D2, D3, O, S]","[L2, L3, L1, ECU2, ECU4, ECU3, ECU1]"
P4,20,409,527,"[D0, S, S, D1, S, D2, O, D3]","[L3, L4, L2, ECU1, ECU2, ECU4, ECU3]"
P4,27,453,165,"[O, D0, D1, O, S, S, D2, D3]","[L4, L1, L2, ECU4, ECU2, ECU3, ECU1]"
P4,20,548,189,"[D0, S, S, D1, S, D2, O, D3]","[L4, L3, L1, ECU4, ECU2, ECU1, ECU3]"
P4,34,546,1829,"[S, D0, D1, O, S, D2, O, D3]","[L4, L3, L1, ECU4, ECU1, ECU2, ECU3]"
P4,34,381,187,"[S, D0, D1, O, S, D2, O, D3]","[L3, L2, L4, ECU4, ECU2, ECU3, ECU1]"
P4,32,517,45,"[S, D0, D1, O, D2, D3, O, S]","[L4, L2, L3, ECU3, ECU1, ECU4, ECU2]"
P4,17,4,254,"[D0, S, S, D1, D2, D3, O, O]","[L1, L2, L3, ECU1, ECU4, ECU2, ECU3]"
P4,9,35,187,"[D0, D1, S, O, D2, S, O, D3]","[L1, L2, L4, ECU2, ECU4, ECU3, ECU1]"
P4,19,402,536,"[D0, S, S, D1, D2, S, O, D3]","[L3, L4, L1, ECU4, ECU1, ECU2, ECU3]"
P4,6,296,45,"[D0, D1, D2, O, S, S, O, D3]","[L3, L1, L2, ECU2, ECU3, ECU1, ECU4]"
P4,6,21,207,"[D0, D1, D2, O, S, S, O, D3]","[L1, L2, L3, ECU4, ECU2, ECU3, ECU1]"
P4,24,492,45,"[O, D0, D1, O, D2, D3, O, S]","[L4, L2, L1, ECU3, ECU1, ECU2, ECU4]"
P4,13,107,45,"[D0, S, D1, O, D2, D3, O, S]","[L1, L4, L2, ECU2, ECU4, ECU3, ECU1]"
P4,3,495,1154,"[D0, D1, D2, O, S, D3, O, S]","[L4, L2, L1, ECU3, ECU2, ECU4, ECU1]"
P4,6,443,147,"[D0, D1, D2, O, S, S, O, D3]","[L4, L1, L2, ECU2, ECU4, ECU3, ECU1]"
P4,6,192,107,"[D0, D1, D2, O, S, S, O, D3]","[L2, L3, L1, ECU1, ECU2, ECU3, ECU4]"
P4,24,119,45,"[O, D0, D1, O, D2, D3, O, S]","[L1, L4, L2, ECU4, ECU3, ECU2, ECU1]"
P4,10,120,87,"[D0, D1, S, O, S, D2, O, D3]","[L1, L4, L3, ECU1, ECU2, ECU3, ECU4]"
P4,19,23,147,"[D0, S, S, D1, D2, S, O, D3]","[L1, L2, L3, ECU4, ECU3, ECU2, ECU1]"
P4,19,123,642,"[D0, S, S, D1, D2, S, O, D3]","[L1, L4, L3, ECU1, ECU3, ECU4, ECU2]"
P4,20,17,147,"[D0, S, S, D1, S, D2, O, D3]","[L1, L2, L3, ECU3, ECU4, ECU2, ECU1]"
P4,22,33,187,"[D0, S, S, O, D1, D2, O, D3]","[L1, L2, L4, ECU2, ECU3, ECU4, ECU1]"
P4,21,262,279,"[D0, S, S, D1, S, S, D2, D3]","[L2, L4, L1, ECU4, ECU3, ECU1, ECU2]"
P4,35,245,4011,"[S, D0, D1, O, S, S, D2, D3]","[L2, L4, L1, ECU1, ECU4, ECU3, ECU2]"
P4,24,81,6729,"[O, D0, D1, O, D2, D3, O, S]","[L1, L3, L4, ECU2, ECU3, ECU4, ECU1]"
P4,3,116,45,"[D0, D1, D2, O, S, D3, O, S]","[L1, L4, L2, ECU4, ECU2, ECU1, ECU3]"
P4,2,122,87,"[D0, D1, D2, O, S, D3, O, O]","[L1, L4, L3, ECU1, ECU3, ECU2, ECU4]"
P4,30,561,107,"[O, S, S, D0, D1, D2, O, D3]","[L4, L3, L2, ECU2, ECU3, ECU4, ECU1]"
P4,29,130,538,"[O, S, D0, O, D1, D2, O, D3]","[L1, L4, L3, ECU2, ECU4, ECU1, ECU3]"
P4,7,250,45,"[D0, D1, S, O, D2, D3, O, O]","[L2, L4, L1, ECU2, ECU4, ECU1, ECU3]"
P4,12,252,648,"[D0, S, D1, O, D2, D3, O, O]","[L2, L4, L1, ECU3, ECU1, ECU2, ECU4]"
P4,24,1,45,"[O, D0, D1, O, D2, D3, O, S]","[L1, L2, L3, ECU1, ECU2, ECU4, ECU3]"
P4,6,269,107,"[D0, D1, D2, O, S, S, O, D3]","[L2, L4, L3, ECU1, ECU4, ECU3, ECU2]"
P4,18,575,45,"[D0, S, S, D1, D2, D3, O, S]","[L4, L3, L2, ECU4, ECU3, ECU2, ECU1]"
P4,36,557,6212,"[S, D0, S, O, D1, D2, O, D3]","[L4, L3, L2, ECU1, ECU4, ECU3, ECU2]"
P4,25,473,147,"[O, D0, D1, O, D2, S, O, D3]","[L4, L1, L3, ECU3, ECU4, ECU2, ECU1]"
P4,14,499,260,"[D0, S, D1, O, D2, S, O, D3]","[L4, L2, L1, ECU4, ECU1, ECU3, ECU2]"
P4,34,413,1521,"[S, D0, D1, O, S, D2, O, D3]","[L3, L4, L2, ECU1, ECU4, ECU3, ECU2]"
P4,28,161,147,"[O, D0, S, O, D1, D2, O, D3]","[L2, L1, L3, ECU3, ECU4, ECU2, ECU1]"
P4,32,363,45,"[S, D0, D1, O, D2, D3, O, S]","[L3, L2, L4, ECU1, ECU3, ECU4, ECU2]"
P4,21,438,626,"[D0, S, S, D1, S, S, D2, D3]","[L4, L1, L2, ECU2, ECU1, ECU3, ECU4]"
P4,26,515,147,"[O, D0, D1, O, S, D2, O, D3]","[L4, L2, L3, ECU2, ECU4, ECU3, ECU1]"
P4,4,549,1929,"[D0, D1, D2, O, S, S, D3, O]","[L4, L3, L1, ECU4, ECU2, ECU3, ECU1]"
P4,30,227,187,"[O, S, S, D0, D1, D2, O, D3]","[L2, L3, L4, ECU2, ECU4, ECU3, ECU1]"
P4,18,121,227,"[D0, S, S, D1, D2, D3, O, S]","[L1, L4, L3, ECU1, ECU2, ECU4, ECU3]"
P4,26,407,87,"[O, D0, D1, O, S, D2, O, D3]","[L3, L4, L1, ECU4, ECU3, ECU2, ECU1]"
P4,38,317,45,"[S, S, S, D0, D1, D2, O, D3]","[L3, L1, L4, ECU1, ECU4, ECU3, ECU2]"
P4,38,467,150,"[S, S, S, D0, D1, D2, O, D3]","[L4, L1, L3, ECU2, ECU4, ECU3, ECU1]"
P4,13,510,620,"[D0, S, D1, O, D2, D3, O, S]","[L4, L2, L3, ECU2, ECU1, ECU3, ECU4]"
P4,13,493,752,"[D0, S, D1, O, D2, D3, O, S]","[L4, L2, L1, ECU3, ECU1, ECU4, ECU2]"
P4,30,254,45,"[O, S, S, D0, D1, D2, O, D3]","[L2, L4, L1, ECU3, ECU2, ECU1, ECU4]"
P4,37,300,45,"[S, S, D0, O, D1, D2, O, D3]","[L3, L1, L2, ECU3, ECU1, ECU2, ECU4]"
P4,11,14,297,"[D0, D1, S, O, S, S, D2, D3]","[L1, L2, L3, ECU3, ECU2, ECU1, ECU4]"
P4,34,139,4908,"[S, D0, D1, O, S, D2, O, D3]","[L1, L4, L3, ECU4, ECU1, ECU3, ECU2]"
P4,24,195,45,"[O, D0, D1, O, D2, D3, O, S]","[L2, L3, L1, ECU1, ECU3, ECU4, ECU2]"
P4,19,77,432,"[D0, S, S, D1, D2, S, O, D3]","[L1, L3, L4, ECU1, ECU4, ECU3, ECU2]"
P4,20,488,1278,"[D0, S, S, D1, S, D2, O, D3]","[L4, L2, L1, ECU2, ECU3, ECU1, ECU4]"
P4,16,445,1242,"[D0, S, D1, O, S, S, D2, D3]","[L4, L1, L2, ECU3, ECU1, ECU4, ECU2]"
P4,32,398,1494,"[S, D0, D1, O, D2, D3, O, S]","[L3, L4, L1, ECU3, ECU2, ECU1, ECU4]"
P4,19,240,247,"[D0, S, S, D1, D2, S, O, D3]","[L2, L4, L1, ECU1, ECU2, ECU3, ECU4]"
P4,34,283,5424,"[S, D0, D1, O, S, D2, O, D3]","[L2, L4, L3, ECU4, ECU1, ECU3, ECU2]"
P4,1,386,147,"[D0, D1, D2, O, D3, S, O, S]","[L3, L4, L1, ECU1, ECU3, ECU2, ECU4]"
P4,28,417,107,"[O, D0, S, O, D1, D2, O, D3]","[L3, L4, L2, ECU2, ECU3, ECU4, ECU1]"
P4,31,244,6256,"[S, D0, D1, O, D2, D3, O, O]","[L2, L4, L1, ECU1, ECU4, ECU2, ECU3]"
P4,38,329,192,"[S, S, S, D0, D1, D2, O, D3]","[L3, L1, L4, ECU3, ECU4, ECU2, ECU1]"
P4,29,388,915,"[O, S, D0, O, D1, D2, O, D3]","[L3, L4, L1, ECU1, ECU4, ECU2, ECU3]"
P4,22,574,45,"[D0, S, S, O, D1, D2, O, D3]","[L4, L3, L2, ECU4, ECU3, ECU1, ECU2]"
P4,5,555,187,"[D0, D1, D2, O, S, S, D3, S]","[L4, L3, L2, ECU1, ECU3, ECU4, ECU2]"
P4,10,39,357,"[D0, D1, S, O, S, D2, O, D3]","[L1, L2, L4, ECU3, ECU2, ECU4, ECU1]"
P4,22,271,419,"[D0, S, S, O, D1, D2, O, D3]","[L2, L4, L3, ECU2, ECU1, ECU4, ECU3]"
P4,8,68,45,"[D0, D1, S, O, D2, D3, O, S]","[L1, L3, L2, ECU4, ECU2, ECU1, ECU3]"
P4,24,313,45,"[O, D0, D1, O, D2, D3, O, S]","[L3, L1, L4, ECU1, ECU2, ECU4, ECU3]"
P4,20,182,481,"[D0, S, S, D1, S, D2, O, D3]","[L2, L1, L4, ECU3, ECU2, ECU1, ECU4]"
P4,9,408,147,"[D0, D1, S, O, D2, S, O, D3]","[L3, L4, L2, ECU1, ECU2, ECU3, ECU4]"
P4,28,307,45,"[O, D0, S, O, D1, D2, O, D3]","[L3, L1, L2, ECU4, ECU1, ECU3, ECU2]"
P4,18,70,45,"[D0, S, S, D1, D2, D3, O, S]","[L1, L3, L2, ECU4, ECU3, ECU1, ECU2]"
P4,6,478,45,"[D0, D1, D2, O, S, S, O, D3]","[L4, L1, L3, ECU4, ECU3, ECU1, ECU2]"
P4,24,418,45,"[O, D0, D1, O, D2, D3, O, S]","[L3, L4, L2, ECU2, ECU4, ECU1, ECU3]"
P4,21,88,1077,"[D0, S, S, D1, S, S, D2, D3]","[L1, L3, L4, ECU3, ECU4, ECU1, ECU2]"
P4,0,380,45,"[D0, D1, D2, O, D3, S, O, O]","[L3, L2, L4, ECU4, ECU2, ECU1, ECU3]"
P4,12,281,45,"[D0, S, D1, O, D2, D3, O, O]","[L2, L4, L3, ECU3, ECU4, ECU2, ECU1]"
P4,37,512,45,"[S, S, D0, O, D1, D2, O, D3]","[L4, L2, L3, ECU2, ECU3, ECU1, ECU4]"
P4,11,497,630,"[D0, D1, S, O, S, S, D2, D3]","[L4, L2, L1, ECU3, ECU4, ECU2, ECU1]"
P4,3,392,45,"[D0, D1, D2, O, S, D3, O, S]","[L3, L4, L1, ECU2, ECU3, ECU1, ECU4]"
P4,26,333,187,"[O, D0, D1, O, S, D2, O, D3]","[L3, L1, L4, ECU4, ECU2, ECU3, ECU1]"
P4,4,320,45,"[D0, D1, D2, O, S, S, D3, O]","[L3, L1, L4, ECU2, ECU3, ECU1, ECU4]"
P4,27,206,409,"[O, D0, D1, O, S, S, D2, D3]","[L2, L3, L1, ECU3, ECU2, ECU1, ECU4]"
P4,34,264,45,"[S, D0, D1, O, S, D2, O, D3]","[L2, L4, L3, ECU1, ECU2, ECU3, ECU4]"
P4,17,426,566,"[D0, S, S, D1, D2, D3, O, O]","[L3, L4, L2, ECU4, ECU1, ECU2, ECU3]"
P4,4,237,4187,"[D0, D1, D2, O, S, S, D3, O]","[L2, L3, L4, ECU4, ECU2, ECU3, ECU1]"
P4,26,403,526,"[O, D0, D1, O, S, D2, O, D3]","[L3, L4, L1, ECU4, ECU1, ECU3, ECU2]"
P4,21,341,666,"[D0, S, S, D1, S, S, D2, D3]","[L3, L2, L1, ECU1, ECU4, ECU3, ECU2]"
P4,7,42,2014,"[D0, D1, S, O, D2, D3, O, O]","[L1, L2, L4, ECU4, ECU1, ECU2, ECU3]"
P4,9,86,387,"[D0, D1, S, O, D2, S, O, D3]","[L1, L3, L4, ECU3, ECU2, ECU1, ECU4]"
P4,4,485,2692,"[D0, D1, D2, O, S, S, D3, O]","[L4, L2, L1, ECU1, ECU4, ECU3, ECU2]"
P4,14,508,357,"[D0, S, D1, O, D2, S, O, D3]","[L4, L2, L3, ECU1, ECU4, ECU2, ECU3]"
P4,5,492,45,"[D0, D1, D2, O, S, S, D3, S]","[L4, L2, L1, ECU3, ECU1, ECU2, ECU4]"
P4,28,509,659,"[O, D0, S, O, D1, D2, O, D3]","[L4, L2, L3, ECU1, ECU4, ECU3, ECU2]"
P4,36,395,87,"[S, D0, S, O, D1, D2, O, D3]","[L3, L4, L1, ECU2, ECU4, ECU3, ECU1]"
P4,16,481,193,"[D0, S, D1, O, S, S, D2, D3]","[L4, L2, L1, ECU1, ECU2, ECU4, ECU3]"
P4,20,413,7482,"[D0, S, S, D1, S, D2, O, D3]","[L3, L4, L2, ECU1, ECU4, ECU3, ECU2]"
P4,24,453,45,"[O, D0, D1, O, D2, D3, O, S]","[L4, L1, L2, ECU4, ECU2, ECU3, ECU1]"
P4,21,133,2076,"[D0, S, S, D1, S, S, D2, D3]","[L1, L4, L3, ECU3, ECU1, ECU4, ECU2]"
P4,24,96,45,"[O, D0, D1, O, D2, D3, O, S]","[L1, L4, L2, ECU1, ECU2, ECU3, ECU4]"
P4,31,559,45,"[S, D0, D1, O, D2, D3, O, O]","[L4, L3, L2, ECU2, ECU1, ECU4, ECU3]"
P4,27,103,45,"[O, D0, D1, O, S, S, D2, D3]","[L1, L4, L2, ECU2, ECU1, ECU4, ECU3]"
P4,19,120,227,"[D0, S, S, D1, D2, S, O, D3]","[L1, L4, L3, ECU1, ECU2, ECU3, ECU4]"
P4,18,164,45,"[D0, S, S, D1, D2, D3, O, S]","[L2, L1, L3, ECU4, ECU2, ECU1, ECU3]"
P4,25,415,45,"[O, D0, D1, O, D2, S, O, D3]","[L3, L4, L2, ECU2, ECU1, ECU4, ECU3]"
P4,3,181,145,"[D0, D1, D2, O, S, D3, O, S]","[L2, L1, L4, ECU3, ECU1, ECU4, ECU2]"
P4,20,401,87,"[D0, S, S, D1, S, D2, O, D3]","[L3, L4, L1, ECU3, ECU4, ECU2, ECU1]"
P4,5,128,45,"[D0, D1, D2, O, S, S, D3, S]","[L1, L4, L3, ECU2, ECU3, ECU1, ECU4]"
P4,34,481,45,"[S, D0, D1, O, S, D2, O, D3]","[L4, L2, L1, ECU1, ECU2, ECU4, ECU3]"
P4,35,471,272,"[S, D0, D1, O, S, S, D2, D3]","[L4, L1, L3, ECU3, ECU2, ECU4, ECU1]"
P4,12,279,613,"[D0, S, D1, O, D2, D3, O, O]","[L2, L4, L3, ECU3, ECU2, ECU4, ECU1]"
P4,24,334,45,"[O, D0, D1, O, D2, D3, O, S]","[L3, L1, L4, ECU4, ECU3, ECU1, ECU2]"
P4,34,28,1123,"[S, D0, D1, O, S, D2, O, D3]","[L1, L2, L4, ECU1, ECU4, ECU2, ECU3]"
P4,17,517,5072,"[D0, S, S, D1, D2, D3, O, O]","[L4, L2, L3, ECU3, ECU1, ECU4, ECU2]"
P4,0,321,655,"[D0, D1, D2, O, D3, S, O, O]","[L3, L1, L4, ECU2, ECU3, ECU4, ECU1]"
P4,15,193,107,"[D0, S, D1, O, S, D2, O, D3]","[L2, L3, L1, ECU1, ECU2, ECU4, ECU3]"
P4,19,39,727,"[D0, S, S, D1, D2, S, O, D3]","[L1, L2, L4, ECU3, ECU2, ECU4, ECU1]"
P4,20,72,187,"[D0, S, S, D1, S, D2, O, D3]","[L1, L3, L4, ECU1, ECU2, ECU3, ECU4]"
P4,28,558,45,"[O, D0, S, O, D1, D2, O, D3]","[L4, L3, L2, ECU2, ECU1, ECU3, ECU4]"
P4,21,510,581,"[D0, S, S, D1, S, S, D2, D3]","[L4, L2, L3, ECU2, ECU1, ECU3, ECU4]"
P4,27,113,247,"[O, D0, D1, O, S, S, D2, D3]","[L1, L4, L2, ECU3, ECU4, ECU2, ECU1]"
P4,31,442,45,"[S, D0, D1, O, D2, D3, O, O]","[L4, L1, L2, ECU2, ECU4, ECU1, ECU3]"
P4,12,383,45,"[D0, S, D1, O, D2, D3, O, O]","[L3, L2, L4, ECU4, ECU3, ECU2, ECU1]"
P4,36,14,45,"[S, D0, S, O, D1, D2, O, D3]","[L1, L2, L3, ECU3, ECU2, ECU1, ECU4]"
P4,22,320,45,"[D0, S, S, O, D1, D2, O, D3]","[L3, L1, L4, ECU2, ECU3, ECU1, ECU4]"
P4,16,77,954,"[D0, S, D1, O, S, S, D2, D3]","[L1, L3, L4, ECU1, ECU4, ECU3, ECU2]"
P4,13,544,45,"[D0, S, D1, O, D2, D3, O, S]","[L4, L3, L1, ECU3, ECU4, ECU1, ECU2]"
P4,6,390,45,"[D0, D1, D2, O, S, S, O, D3]","[L3, L4, L1, ECU2, ECU1, ECU3, ECU4]"
P4,19,572,274,"[D0, S, S, D1, D2, S, O, D3]","[L4, L3, L2, ECU4, ECU2, ECU1, ECU3]"
P4,30,11,2677,"[O, S, S, D0, D1, D2, O, D3]","[L1, L2, L3, ECU2, ECU4, ECU3, ECU1]"
P4,28,260,45,"[O, D0, S, O, D1, D2, O, D3]","[L2, L4, L1, ECU4, ECU2, ECU1, ECU3]"
P4,20,377,187,"[D0, S, S, D1, S, D2, O, D3]","[L3, L2, L4, ECU3, ECU4, ECU2, ECU1]"
P4,33,31,45,"[S, D0, D1, O, D2, S, O, D3]","[L1, L2, L4, ECU2, ECU1, ECU4, ECU3]"
P4,14,287,147,"[D0, S, D1, O, D2, S, O, D3]","[L2, L4, L3, ECU4, ECU3, ECU2, ECU1]"
P4,6,555,187,"[D0, D1, D2, O, S, S, O, D3]","[L4, L3, L2, ECU1, ECU3, ECU4, ECU2]"
P4,22,158,45,"[D0, S, S, O, D1, D2, O, D3]","[L2, L1, L3, ECU3, ECU2, ECU1, ECU4]"
P4,0,289,147,"[D0, D1, D2, O, D3, S, O, O]","[L3, L1, L2, ECU1, ECU2, ECU4, ECU3]"
P4,6,358,45,"[D0, D1, D2, O, S, S, O, D3]","[L3, L2, L1, ECU4, ECU3, ECU1, ECU2]"
P4,7,241,107,"[D0, D1, S, O, D2, D3, O, O]","[L2, L4, L1, ECU1, ECU2, ECU4, ECU3]"
P4,38,529,45,"[S, S, S, D0, D1, D2, O, D3]","[L4, L3, L1, ECU1, ECU2, ECU4, ECU3]"
P4,33,65,107,"[S, D0, D1, O, D2, S, O, D3]","[L1, L3, L2, ECU3, ECU4, ECU2, ECU1]"
P4,1,435,187,"[D0, D1, D2, O, D3, S, O, S]","[L4, L1, L2, ECU1, ECU3, ECU4, ECU2]"
P4,23,237,45,"[O, D0, D1, O, D2, D3, O, O]","[L2, L3, L4, ECU4, ECU2, ECU3, ECU1]"
P4,10,27,87,"[D0, D1, S, O, S, D2, O, D3]","[L1, L2, L4, ECU1, ECU3, ECU4, ECU2]"
P4,30,6,45,"[O, S, S, D0, D1, D2, O, D3]","[L1, L2, L3, ECU2, ECU1, ECU3, ECU4]"
P4,30,327,192,"[O, S, S, D0, D1, D2, O, D3]","[L3, L1, L4, ECU3, ECU2, ECU4, ECU1]"
P4,38,429,107,"[S, S, S, D0, D1, D2, O, D3]","[L3, L4, L2, ECU4, ECU2, ECU3, ECU1]"
P4,38,424,8514,"[S, S, S, D0, D1, D2, O, D3]","[L3, L4, L2, ECU3, ECU4, ECU1, ECU2]"
P4,18,394,45,"[D0, S, S, D1, D2, D3, O, S]","[L3, L4, L1, ECU2, ECU4, ECU1, ECU3]"
P4,22,439,1131,"[D0, S, S, O, D1, D2, O, D3]","[L4, L1, L2, ECU2, ECU1, ECU4, ECU3]"
P4,1,494,45,"[D0, D1, D2, O, D3, S, O, S]","[L4, L2, L1, ECU3, ECU2, ECU1, ECU4]"
P4,35,151,45,"[S, D0, D1, O, S, S, D2, D3]","[L2, L1, L3, ECU2, ECU1, ECU4, ECU3]"
P4,0,105,631,"[D0, D1, D2, O, D3, S, O, O]","[L1, L4, L2, ECU2, ECU3, ECU4, ECU1]"
P4,8,40,45,"[D0, D1, S, O, D2, D3, O, S]","[L1, L2, L4, ECU3, ECU4, ECU1, ECU2]"
P4,0,2,886,"[D0, D1, D2, O, D3, S, O, O]","[L1, L2, L3, ECU1, ECU3, ECU2, ECU4]"
P4,32,66,1484,"[S, D0, D1, O, D2, D3, O, S]","[L1, L3, L2, ECU4, ECU1, ECU2, ECU3]"
P4,29,90,45,"[O, S, D0, O, D1, D2, O, D3]","[L1, L3, L4, ECU4, ECU1, ECU2, ECU3]"
P4,23,359,45,"[O, D0, D1, O, D2, D3, O, O]","[L3, L2, L1, ECU4, ECU3, ECU2, ECU1]"
P4,36,1,1178,"[S, D0, S, O, D1, D2, O, D3]","[L1, L2, L3, ECU1, ECU2, ECU4, ECU3]"
P4,1,536,45,"[D0, D1, D2, O, D3, S, O, S]","[L4, L3, L1, ECU2, ECU3, ECU1, ECU4]"
P4,20,531,397,"[D0, S, S, D1, S, D2, O, D3]","[L4, L3, L1, ECU1, ECU3, ECU4, ECU2]"
P4,31,397,45,"[S, D0, D1, O, D2, D3, O, O]","[L3, L4, L1, ECU3, ECU1, ECU4, ECU2]"
P4,16,192,107,"[D0, S, D1, O, S, S, D2, D3]","[L2, L3, L1, ECU1, ECU2, ECU3, ECU4]"
P4,31,16,45,"[S, D0, D1, O, D2, D3, O, O]","[L1, L2, L3, ECU3, ECU4, ECU1, ECU2]"
P4,37,174,45,"[S, S, D0, O, D1, D2, O, D3]","[L2, L1, L4, ECU2, ECU1, ECU3, ECU4]"
P4,12,226,45,"[D0, S, D1, O, D2, D3, O, O]","[L2, L3, L4, ECU2, ECU4, ECU1, ECU3]"
P4,24,318,45,"[O, D0, D1, O, D2, D3, O, S]","[L3, L1, L4, ECU2, ECU1, ECU3, ECU4]"
P4,17,305,45,"[D0, S, S, D1, D2, D3, O, O]","[L3, L1, L2, ECU3, ECU4, ECU2, ECU1]"
P4,16,269,944,"[D0, S, D1, O, S, S, D2, D3]","[L2, L4, L3, ECU1, ECU4, ECU3, ECU2]"
P4,20,110,1107,"[D0, S, S, D1, S, D2, O, D3]","[L1, L4, L2, ECU3, ECU2, ECU1, ECU4]"
P4,4,491,2322,"[D0, D1, D2, O, S, S, D3, O]","[L4, L2, L1, ECU2, ECU4, ECU3, ECU1]"
P4,21,149,816,"[D0, S, S, D1, S, S, D2, D3]","[L2, L1, L3, ECU1, ECU4, ECU3, ECU2]"
P4,29,379,45,"[O, S, D0, O, D1, D2, O, D3]","[L3, L2, L4, ECU4, ECU1, ECU3, ECU2]"
P4,37,234,45,"[S, S, D0, O, D1, D2, O, D3]","[L2, L3, L4, ECU4, ECU1, ECU2, ECU3]"
P4,10,569,107,"[D0, D1, S, O, S, D2, O, D3]","[L4, L3, L2, ECU3, ECU4, ECU2, ECU1]"
P4,11,302,197,"[D0, D1, S, O, S, S, D2, D3]","[L3, L1, L2, ECU3, ECU2, ECU1, ECU4]"
P4,27,366,45,"[O, D0, D1, O, S, S, D2, D3]","[L3, L2, L4, ECU2, ECU1, ECU3, ECU4]"
P4,11,479,214,"[D0, D1, S, O, S, S, D2, D3]","[L4, L1, L3, ECU4, ECU3, ECU2, ECU1]"
P4,21,404,302,"[D0, S, S, D1, S, S, D2, D3]","[L3, L4, L1, ECU4, ECU2, ECU1, ECU3]"
P4,1,212,45,"[D0, D1, D2, O, D3, S, O, S]","[L2, L3, L1, ECU4, ECU2, ECU1, ECU3]"
P4,12,227,45,"[D0, S, D1, O, D2, D3, O, O]","[L2, L3, L4, ECU2, ECU4, ECU3, ECU1]"
P4,29,441,107,"[O, S, D0, O, D1, D2, O, D3]","[L4, L1, L2, ECU2, ECU3, ECU4, ECU1]"
P4,37,233,1682,"[S, S, D0, O, D1, D2, O, D3]","[L2, L3, L4, ECU3, ECU4, ECU2, ECU1]"
P4,13,269,648,"[D0, S, D1, O, D2, D3, O, S]","[L2, L4, L3, ECU1, ECU4, ECU3, ECU2]"
P4,38,207,87,"[S, S, S, D0, D1, D2, O, D3]","[L2, L3, L1, ECU3, ECU2, ECU4, ECU1]"
P4,34,79,45,"[S, D0, D1, O, S, D2, O, D3]","[L1, L3, L4, ECU2, ECU1, ECU4, ECU3]"
P4,17,397,4091,"[D0, S, S, D1, D2, D3, O, O]","[L3, L4, L1, ECU3, ECU1, ECU4, ECU2]"
P4,34,303,219,"[S, D0, D1, O, S, D2, O, D3]","[L3, L1, L2, ECU3, ECU2, ECU4, ECU1]"
P4,5,172,110,"[D0, D1, D2, O, S, S, D3, S]","[L2, L1, L4, ECU1, ECU4, ECU2, ECU3]"
P4,33,261,87,"[S, D0, D1, O, D2, S, O, D3]","[L2, L4, L1, ECU4, ECU2, ECU3, ECU1]"
P4,32,493,45,"[S, D0, D1, O, D2, D3, O, S]","[L4, L2, L1, ECU3, ECU1, ECU4, ECU2]"
P4,34,18,2353,"[S, D0, D1, O, S, D2, O, D3]","[L1, L2, L3, ECU4, ECU1, ECU2, ECU3]"
P4,1,454,45,"[D0, D1, D2, O, D3, S, O, S]","[L4, L1, L2, ECU4, ECU3, ECU1, ECU2]"
P4,13,293,265,"[D0, S, D1, O, D2, D3, O, S]","[L3, L1, L2, ECU1, ECU4, ECU3, ECU2]"
P4,17,538,45,"[D0, S, S, D1, D2, D3, O, O]","[L4, L3, L1, ECU2, ECU4, ECU1, ECU3]"
P4,36,174,45,"[S, D0, S, O, D1, D2, O, D3]","[L2, L1, L4, ECU2, ECU1, ECU3, ECU4]"
P4,15,341,317,"[D0, S, D1, O, S, D2, O, D3]","[L3, L2, L1, ECU1, ECU4, ECU3, ECU2]"
P4,29,237,887,"[O, S, D0, O, D1, D2, O, D3]","[L2, L3, L4, ECU4, ECU2, ECU3, ECU1]"
P4,26,427,613,"[O, D0, D1, O, S, D2, O, D3]","[L3, L4, L2, ECU4, ECU1, ECU3, ECU2]"
P4,31,188,45,"[S, D0, D1, O, D2, D3, O, O]","[L2, L1, L4, ECU4, ECU2, ECU1, ECU3]"
P4,32,439,45,"[S, D0, D1, O, D2, D3, O, S]","[L4, L1, L2, ECU2, ECU1, ECU4, ECU3]"
P4,9,107,107,"[D0, D1, S, O, D2, S, O, D3]","[L1, L4, L2, ECU2, ECU4, ECU3, ECU1]"
P4,25,213,87,"[O, D0, D1, O, D2, S, O, D3]","[L2, L3, L1, ECU4, ECU2, ECU3, ECU1]"
P4,1,49,87,"[D0, D1, D2, O, D3, S, O, S]","[L1, L3, L2, ECU1, ECU2, ECU4, ECU3]"
P4,23,486,45,"[O, D0, D1, O, D2, D3, O, O]","[L4, L2, L1, ECU2, ECU1, ECU3, ECU4]"
P4,2,396,45,"[D0, D1, D2, O, S, D3, O, O]","[L3, L4, L1, ECU3, ECU1, ECU2, ECU4]"
P4,31,7,45,"[S, D0, D1, O, D2, D3, O, O]","[L1, L2, L3, ECU2, ECU1, ECU4, ECU3]"
P4,19,408,287,"[D0, S, S, D1, D2, S, O, D3]","[L3, L4, L2, ECU1, ECU2, ECU3, ECU4]"
P4,31,547,6729,"[S, D0, D1, O, D2, D3, O, O]","[L4, L3, L1, ECU4, ECU1, ECU3, ECU2]"
P4,4,452,45,"[D0, D1, D2, O, S, S, D3, O]","[L4, L1, L2, ECU4, ECU2, ECU1, ECU3]"
P4,37,479,147,"[S, S, D0, O, D1, D2, O, D3]","[L4, L1, L3, ECU4, ECU3, ECU2, ECU1]"
P4,7,280,45,"[D0, D1, S, O, D2, D3, O, O]","[L2, L4, L3, ECU3, ECU4, ECU1, ECU2]"
P4,24,48,45,"[O, D0, D1, O, D2, D3, O, S]","[L1, L3, L2, ECU1, ECU2, ECU3, ECU4]"
P4,9,19,260,"[D0, D1, S, O, D2, S, O, D3]","[L1, L2, L3, ECU4, ECU1, ECU3, ECU2]"
P4,8,423,2916,"[D0, D1, S, O, D2, D3, O, S]","[L3, L4, L2, ECU3, ECU2, ECU4, ECU1]"
P4,12,384,147,"[D0, S, D1, O, D2, D3, O, O]","[L3, L4, L1, ECU1, ECU2, ECU3, ECU4]"
P4,33,423,734,"[S, D0, D1, O, D2, S, O, D3]","[L3, L4, L2, ECU3, ECU2, ECU4, ECU1]"
P4,26,409,45,"[O, D0, D1, O, S, D2, O, D3]","[L3, L4, L2, ECU1, ECU2, ECU4, ECU3]"
P4,9,62,387,"[D0, D1, S, O, D2, S, O, D3]","[L1, L3, L2, ECU3, ECU2, ECU1, ECU4]"
P4,2,190,45,"[D0, D1, D2, O, S, D3, O, O]","[L2, L1, L4, ECU4, ECU3, ECU1, ECU2]"
P4,25,290,45,"[O, D0, D1, O, D2, S, O, D3]","[L3, L1, L2, ECU1, ECU3, ECU2, ECU4]"
P4,9,89,187,"[D0, D1, S, O, D2, S, O, D3]","[L1, L3, L4, ECU3, ECU4, ECU2, ECU1]"
P4,22,62,45,"[D0, S, S, O, D1, D2, O, D3]","[L1, L3, L2, ECU3, ECU2, ECU1, ECU4]"
P4,38,127,1924,"[S, S, S, D0, D1, D2, O, D3]","[L1, L4, L3, ECU2, ECU1, ECU4, ECU3]"
P4,18,496,45,"[D0, S, S, D1, D2, D3, O, S]","[L4, L2, L1, ECU3, ECU4, ECU1, ECU2]"
P4,27,525,207,"[O, D0, D1, O, S, S, D2, D3]","[L4, L2, L3, ECU4, ECU2, ECU3, ECU1]"
P4,21,40,1350,"[D0, S, S, D1, S, S, D2, D3]","[L1, L2, L4, ECU3, ECU4, ECU1, ECU2]"
P4,23,241,45,"[O, D0, D1, O, D2, D3, O, O]","[L2, L4, L1, ECU1, ECU2, ECU4, ECU3]"
P4,0,104,45,"[D0, D1, D2, O, D3, S, O, O]","[L1, L4, L2, ECU2, ECU3, ECU1, ECU4]"
P4,32,171,45,"[S, D0, D1, O, D2, D3, O, S]","[L2, L1, L4, ECU1, ECU3, ECU4, ECU2]"
P4,17,145,2544,"[D0, S, S, D1, D2, D3, O, O]","[L2, L1, L3, ECU1, ECU2, ECU4, ECU3]"
P4,36,270,45,"[S, D0, S, O, D1, D2, O, D3]","[L2, L4, L3, ECU2, ECU1, ECU3, ECU4]"
P4,13,96,87,"[D0, S, D1, O, D2, D3, O, S]","[L1, L4, L2, ECU1, ECU2, ECU3, ECU4]"
P4,28,571,45,"[O, D0, S, O, D1, D2, O, D3]","[L4, L3, L2, ECU4, ECU1, ECU3, ECU2]"
P4,12,527,45,"[D0, S, D1, O, D2, D3, O, O]","[L4, L2, L3, ECU4, ECU3, ECU2, ECU1]"
P4,11,158,233,"[D0, D1, S, O, S, S, D2, D3]","[L2, L1, L3, ECU3, ECU2, ECU1, ECU4]"
P4,22,501,87,"[D0, S, S, O, D1, D2, O, D3]","[L4, L2, L1, ECU4, ECU2, ECU3, ECU1]"
P4,14,48,1642,"[D0, S, D1, O, D2, S, O, D3]","[L1, L3, L2, ECU1, ECU2, ECU3, ECU4]"
P4,32,300,45,"[S, D0, D1, O, D2, D3, O, S]","[L3, L1, L2, ECU3, ECU1, ECU2, ECU4]"
P4,6,22,45,"[D0, D1, D2, O, S, S, O, D3]","[L1, L2, L3, ECU4, ECU3, ECU1, ECU2]"
P4,14,245,557,"[D0, S, D1, O, D2, S, O, D3]","[L2, L4, L1, ECU1, ECU4, ECU3, ECU2]"
P4,3,51,87,"[D0, D1, D2, O, S, D3, O, S]","[L1, L3, L2, ECU1, ECU3, ECU4, ECU2]"
P4,35,83,310,"[S, D0, D1, O, S, S, D2, D3]","[L1, L3, L4, ECU2, ECU4, ECU3, ECU1]"
P4,37,246,45,"[S, S, D0, O, D1, D2, O, D3]","[L2, L4, L1, ECU2, ECU1, ECU3, ECU4]"
P4,37,331,45,"[S, S, D0, O, D1, D2, O, D3]","[L3, L1, L4, ECU4, ECU1, ECU3, ECU2]"
P4,7,158,295,"[D0, D1, S, O, D2, D3, O, O]","[L2, L1, L3, ECU3, ECU2, ECU1, ECU4]"
P4,32,62,1992,"[S, D0, D1, O, D2, D3, O, S]","[L1, L3, L2, ECU3, ECU2, ECU1, ECU4]"
P4,21,541,1077,"[D0, S, S, D1, S, S, D2, D3]","[L4, L3, L1, ECU3, ECU1, ECU4, ECU2]"
P4,11,473,1152,"[D0, D1, S, O, S, S, D2, D3]","[L4, L1, L3, ECU3, ECU4, ECU2, ECU1]"
P4,0,27,87,"[D0, D1, D2, O, D3, S, O, O]","[L1, L2, L4, ECU1, ECU3, ECU4, ECU2]"
P4,19,53,504,"[D0, S, S, D1, D2, S, O, D3]","[L1, L3, L2, ECU1, ECU4, ECU3, ECU2]"
P4,10,257,87,"[D0, D1, S, O, S, D2, O, D3]","[L2, L4, L1, ECU3, ECU4, ECU2, ECU1]"
P4,12,429,45,"[D0, S, D1, O, D2, D3, O, O]","[L3, L4, L2, ECU4, ECU2, ECU3, ECU1]"
P4,5,30,45,"[D0, D1, D2, O, S, S, D3, S]","[L1, L2, L4, ECU2, ECU1, ECU3, ECU4]"
P4,14,395,87,"[D0, S, D1, O, D2, S, O, D3]","[L3, L4, L1, ECU2, ECU4, ECU3, ECU1]"
P4,11,154,665,"[D0, D1, S, O, S, S, D2, D3]","[L2, L1, L3, ECU2, ECU4, ECU1, ECU3]"
P4,33,446,180,"[S, D0, D1, O, D2, S, O, D3]","[L4, L1, L2, ECU3, ECU2, ECU1, ECU4]"
P4,17,456,257,"[D0, S, S, D1, D2, D3, O, O]","[L4, L1, L3, ECU1, ECU2, ECU3, ECU4]"
P4,4,335,3699,"[D0, D1, D2, O, S, S, D3, O]","[L3, L1, L4, ECU4, ECU3, ECU2, ECU1]"
P4,25,3,45,"[O, D0, D1, O, D2, S, O, D3]","[L1, L2, L3, ECU1, ECU3, ECU4, ECU2]"
P4,31,546,6729,"[S, D0, D1, O, D2, D3, O, O]","[L4, L3, L1, ECU4, ECU1, ECU2, ECU3]"
P4,12,509,4210,"[D0, S, D1, O, D2, D3, O, O]","[L4, L2, L3, ECU1, ECU4, ECU3, ECU2]"
P4,6,547,45,"[D0, D1, D2, O, S, S, O, D3]","[L4, L3, L1, ECU4, ECU1, ECU3, ECU2]"
P4,11,199,696,"[D0, D1, S, O, S, S, D2, D3]","[L2, L3, L1, ECU2, ECU1, ECU4, ECU3]"
P4,17,377,45,"[D0, S, S, D1, D2, D3, O, O]","[L3, L2, L4, ECU3, ECU4, ECU2, ECU1]"
P4,18,359,45,"[D0, S, S, D1, D2, D3, O, S]","[L3, L2, L1, ECU4, ECU3, ECU2, ECU1]"
P4,21,530,188,"[D0, S, S, D1, S, S, D2, D3]","[L4, L3, L1, ECU1, ECU3, ECU2, ECU4]"
P4,10,236,918,"[D0, D1, S, O, S, D2, O, D3]","[L2, L3, L4, ECU4, ECU2, ECU1, ECU3]"
P4,7,137,45,"[D0, D1, S, O, D2, D3, O, O]","[L1, L4, L3, ECU3, ECU4, ECU2, ECU1]"
P4,27,112,2015,"[O, D0, D1, O, S, S, D2, D3]","[L1, L4, L2, ECU3, ECU4, ECU1, ECU2]"
P4,27,298,1489,"[O, D0, D1, O, S, S, D2, D3]","[L3, L1, L2, ECU2, ECU4, ECU1, ECU3]"
P4,17,16,45,"[D0, S, S, D1, D2, D3, O, O]","[L1, L2, L3, ECU3, ECU4, ECU1, ECU2]"
P4,19,363,660,"[D0, S, S, D1, D2, S, O, D3]","[L3, L2, L4, ECU1, ECU3, ECU4, ECU2]"
P4,34,379,2398,"[S, D0, D1, O, S, D2, O, D3]","[L3, L2, L4, ECU4, ECU1, ECU3, ECU2]"
P4,28,228,45,"[O, D0, S, O, D1, D2, O, D3]","[L2, L3, L4, ECU3, ECU1, ECU2, ECU4]"
P4,26,373,45,"[O, D0, D1, O, S, D2, O, D3]","[L3, L2, L4, ECU3, ECU1, ECU4, ECU2]"
P4,5,31,3071,"[D0, D1, D2, O, S, S, D3, S]","[L1, L2, L4, ECU2, ECU1, ECU4, ECU3]"
P4,10,254,527,"[D0, D1, S, O, S, D2, O, D3]","[L2, L4, L1, ECU3, ECU2, ECU1, ECU4]"
P4,27,295,45,"[O, D0, D1, O, S, S, D2, D3]","[L3, L1, L2, ECU2, ECU1, ECU4, ECU3]"
P4,29,150,45,"[O, S, D0, O, D1, D2, O, D3]","[L2, L1, L3, ECU2, ECU1, ECU3, ECU4]"
P4,17,179,45,"[D0, S, S, D1, D2, D3, O, O]","[L2, L1, L4, ECU2, ECU4, ECU3, ECU1]"
P4,9,258,580,"[D0, D1, S, O, D2, S, O, D3]","[L2, L4, L1, ECU4, ECU1, ECU2, ECU3]"
P4,29,364,537,"[O, S, D0, O, D1, D2, O, D3]","[L3, L2, L4, ECU1, ECU4, ECU2, ECU3]"
P4,22,323,187,"[D0, S, S, O, D1, D2, O, D3]","[L3, L1, L4, ECU2, ECU4, ECU3, ECU1]"
P4,32,352,45,"[S, D0, D1, O, D2, D3, O, S]","[L3, L2, L1, ECU3, ECU4, ECU1, ECU2]"
P4,24,519,3907,"[O, D0, D1, O, D2, D3, O, S]","[L4, L2, L3, ECU3, ECU2, ECU4, ECU1]"
P4,36,191,190,"[S, D0, S, O, D1, D2, O, D3]","[L2, L1, L4, ECU4, ECU3, ECU2, ECU1]"
P4,0,380,45,"[D0, D1, D2, O, D3, S, O, O]","[L3, L2, L4, ECU4, ECU2, ECU1, ECU3]"
P4,17,414,5677,"[D0, S, S, D1, D2, D3, O, O]","[L3, L4, L2, ECU2, ECU1, ECU3, ECU4]"
P4,15,192,1652,"[D0, S, D1, O, S, D2, O, D3]","[L2, L3, L1, ECU1, ECU2, ECU3, ECU4]"
P4,20,399,934,"[D0, S, S, D1, S, D2, O, D3]","[L3, L4, L1, ECU3, ECU2, ECU4, ECU1]"
P4,29,62,45,"[O, S, D0, O, D1, D2, O, D3]","[L1, L3, L2, ECU3, ECU2, ECU1, ECU4]"
P4,7,530,187,"[D0, D1, S, O, D2, D3, O, O]","[L4, L3, L1, ECU1, ECU3, ECU2, ECU4]"
P4,3,224,45,"[D0, D1, D2, O, S, D3, O, S]","[L2, L3, L4, ECU2, ECU3, ECU1, ECU4]"
P4,10,461,1627,"[D0, D1, S, O, S, D2, O, D3]","[L4, L1, L3, ECU1, ECU4, ECU3, ECU2]"
P4,31,119,45,"[S, D0, D1, O, D2, D3, O, O]","[L1, L4, L2, ECU4, ECU3, ECU2, ECU1]"
P4,33,199,45,"[S, D0, D1, O, D2, S, O, D3]","[L2, L3, L1, ECU2, ECU1, ECU4, ECU3]"
P4,5,265,107,"[D0, D1, D2, O, S, S, D3, S]","[L2, L4, L3, ECU1, ECU2, ECU4, ECU3]"
P4,38,202,1942,"[S, S, S, D0, D1, D2, O, D3]","[L2, L3, L1, ECU2, ECU4, ECU1, ECU3]"
P4,31,48,45,"[S, D0, D1, O, D2, D3, O, O]","[L1, L3, L2, ECU1, ECU2, ECU3, ECU4]"
P4,37,182,45,"[S, S, D0, O, D1, D2, O, D3]","[L2, L1, L4, ECU3, ECU2, ECU1, ECU4]"
P4,3,95,5699,"[D0, D1, D2, O, S, D3, O, S]","[L1, L3, L4, ECU4, ECU3, ECU2, ECU1]"
P4,34,521,147,"[S, D0, D1, O, S, D2, O, D3]","[L4, L2, L3, ECU3, ECU4, ECU2, ECU1]"
P4,12,479,45,"[D0, S, D1, O, D2, D3, O, O]","[L4, L1, L3, ECU4, ECU3, ECU2, ECU1]"
P4,22,432,227,"[D0, S, S, O, D1, D2, O, D3]","[L4, L1, L2, ECU1, ECU2, ECU3, ECU4]"
P4,33,151,45,"[S, D0, D1, O, D2, S, O, D3]","[L2, L1, L3, ECU2, ECU1, ECU4, ECU3]"
P4,21,414,468,"[D0, S, S, D1, S, S, D2, D3]","[L3, L4, L2, ECU2, ECU1, ECU3, ECU4]"
P4,23,572,45,"[O, D0, D1, O, D2, D3, O, O]","[L4, L3, L2, ECU4, ECU2, ECU1, ECU3]"
P4,3,278,45,"[D0, D1, D2, O, S, D3, O, S]","[L2, L4, L3, ECU3, ECU2, ECU1, ECU4]"
P4,28,450,45,"[O, D0, S, O, D1, D2, O, D3]","[L4, L1, L2, ECU4, ECU1, ECU2, ECU3]"
P4,12,321,454,"[D0, S, D1, O, D2, D3, O, O]","[L3, L1, L4, ECU2, ECU3, ECU4, ECU1]"
P4,2,506,887,"[D0, D1, D2, O, S, D3, O, O]","[L4, L2, L3, ECU1, ECU3, ECU2, ECU4]"
P4,6,429,247,"[D0, D1, D2, O, S, S, O, D3]","[L3, L4, L2, ECU4, ECU2, ECU3, ECU1]"
P4,5,487,1833,"[D0, D1, D2, O, S, S, D3, S]","[L4, L2, L1, ECU2, ECU1, ECU4, ECU3]"
P4,2,522,45,"[D0, D1, D2, O, S, D3, O, O]","[L4, L2, L3, ECU4, ECU1, ECU2, ECU3]"
P4,0,522,45,"[D0, D1, D2, O, D3, S, O, O]","[L4, L2, L3, ECU4, ECU1, ECU2, ECU3]"
P4,2,553,187,"[D0, D1, D2, O, S, D3, O, O]","[L4, L3, L2, ECU1, ECU2, ECU4, ECU3]"
P4,18,51,187,"[D0, S, S, D1, D2, D3, O, S]","[L1, L3, L2, ECU1, ECU3, ECU4, ECU2]"
P4,22,516,45,"[D0, S, S, O, D1, D2, O, D3]","[L4, L2, L3, ECU3, ECU1, ECU2, ECU4]"
P4,6,479,187,"[D0, D1, D2, O, S, S, O, D3]","[L4, L1, L3, ECU4, ECU3, ECU2, ECU1]"
P4,14,299,107,"[D0, S, D1, O, D2, S, O, D3]","[L3, L1, L2, ECU2, ECU4, ECU3, ECU1]"
P4,22,180,45,"[D0, S, S, O, D1, D2, O, D3]","[L2, L1, L4, ECU3, ECU1, ECU2, ECU4]"
P4,10,314,147,"[D0, D1, S, O, S, D2, O, D3]","[L3, L1, L4, ECU1, ECU3, ECU2, ECU4]"
P4,9,539,87,"[D0, D1, S, O, D2, S, O, D3]","[L4, L3, L1, ECU2, ECU4, ECU3, ECU1]"
P4,15,320,1647,"[D0, S, D1, O, S, D2, O, D3]","[L3, L1, L4, ECU2, ECU3, ECU1, ECU4]"
P4,21,305,532,"[D0, S, S, D1, S, S, D2, D3]","[L3, L1, L2, ECU3, ECU4, ECU2, ECU1]"
P4,2,89,883,"[D0, D1, D2, O, S, D3, O, O]","[L1, L3, L4, ECU3, ECU4, ECU2, ECU1]"
P4,32,247,45,"[S, D0, D1, O, D2, D3, O, S]","[L2, L4, L1, ECU2, ECU1, ECU4, ECU3]"
P4,8,272,1377,"[D0, D1, S, O, D2, D3, O, S]","[L2, L4, L3, ECU2, ECU3, ECU1, ECU4]"
P4,0,24,87,"[D0, D1, D2, O, D3, S, O, O]","[L1, L2, L4, ECU1, ECU2, ECU3, ECU4]"
P4,32,379,861,"[S, D0, D1, O, D2, D3, O, S]","[L3, L2, L4, ECU4, ECU1, ECU3, ECU2]"
P4,21,542,1370,"[D0, S, S, D1, S, S, D2, D3]","[L4, L3, L1, ECU3, ECU2, ECU1, ECU4]"
P4,27,106,2015,"[O, D0, D1, O, S, S, D2, D3]","[L1, L4, L2, ECU2, ECU4, ECU1, ECU3]"
P4,19,78,1929,"[D0, S, S, D1, D2, S, O, D3]","[L1, L3, L4, ECU2, ECU1, ECU3, ECU4]"
P4,18,184,45,"[D0, S, S, D1, D2, D3, O, S]","[L2, L1, L4, ECU3, ECU4, ECU1, ECU2]"
P4,6,465,187,"[D0, D1, D2, O, S, S, O, D3]","[L4, L1, L3, ECU2, ECU3, ECU4, ECU1]"
P4,24,356,45,"[O, D0, D1, O, D2, D3, O, S]","[L3, L2, L1, ECU4, ECU2, ECU1, ECU3]"
P4,27,248,529,"[O, D0, D1, O, S, S, D2, D3]","[L2, L4, L1, ECU2, ECU3, ECU1, ECU4]"
P4,38,408,45,"[S, S, S, D0, D1, D2, O, D3]","[L3, L4, L2, ECU1, ECU2, ECU3, ECU4]"
P4,5,370,2440,"[D0, D1, D2, O, S, S, D3, S]","[L3, L2, L4, ECU2, ECU4, ECU1, ECU3]"
P4,7,102,704,"[D0, D1, S, O, D2, D3, O, O]","[L1, L4, L2, ECU2, ECU1, ECU3, ECU4]"
P4,12,77,1965,"[D0, S, D1, O, D2, D3, O, O]","[L1, L3, L4, ECU1, ECU4, ECU3, ECU2]"
P4,3,242,107,"[D0, D1, D2, O, S, D3, O, S]","[L2, L4, L1, ECU1, ECU3, ECU2, ECU4]"
P4,22,527,147,"[D0, S, S, O, D1, D2, O, D3]","[L4, L2, L3, ECU4, ECU3, ECU2, ECU1]"
P4,37,60,45,"[S, S, D0, O, D1, D2, O, D3]","[L1, L3, L2, ECU3, ECU1, ECU2, ECU4]"
P4,11,337,147,"[D0, D1, S, O, S, S, D2, D3]","[L3, L2, L1, ECU1, ECU2, ECU4, ECU3]"
P4,33,130,1157,"[S, D0, D1, O, D2, S, O, D3]","[L1, L4, L3, ECU2, ECU4, ECU1, ECU3]"
P4,2,364,147,"[D0, D1, D2, O, S, D3, O, O]","[L3, L2, L4, ECU1, ECU4, ECU2, ECU3]"
P4,33,355,776,"[S, D0, D1, O, D2, S, O, D3]","[L3, L2, L1, ECU4, ECU1, ECU3, ECU2]"
P4,8,62,1680,"[D0, D1, S, O, D2, D3, O, S]","[L1, L3, L2, ECU3, ECU2, ECU1, ECU4]"
P4,24,561,4364,"[O, D0, D1, O, D2, D3, O, S]","[L4, L3, L2, ECU2, ECU3, ECU4, ECU1]"
P4,18,125,485,"[D0, S, S, D1, D2, D3, O, S]","[L1, L4, L3, ECU1, ECU4, ECU3, ECU2]"
P4,16,98,87,"[D0, S, D1, O, S, S, D2, D3]","[L1, L4, L2, ECU1, ECU3, ECU2, ECU4]"
P4,9,368,247,"[D0, D1, S, O, D2, S, O, D3]","[L3, L2, L4, ECU2, ECU3, ECU1, ECU4]"
P4,3,15,1478,"[D0, D1, D2, O, S, D3, O, S]","[L1, L2, L3, ECU3, ECU2, ECU4, ECU1]"
P4,31,355,5164,"[S, D0, D1, O, D2, D3, O, O]","[L3, L2, L1, ECU4, ECU1, ECU3, ECU2]"
P4,12,191,45,"[D0, S, D1, O, D2, D3, O, O]","[L2, L1, L4, ECU4, ECU3, ECU2, ECU1]"
P4,4,387,147,"[D0, D1, D2, O, S, S, D3, O]","[L3, L4, L1, ECU1, ECU3, ECU4, ECU2]"
P4,31,271,45,"[S, D0, D1, O, D2, D3, O, O]","[L2, L4, L3, ECU2, ECU1, ECU4, ECU3]"
P4,27,490,1502,"[O, D0, D1, O, S, S, D2, D3]","[L4, L2, L1, ECU2, ECU4, ECU1, ECU3]"
P4,10,571,420,"[D0, D1, S, O, S, D2, O, D3]","[L4, L3, L2, ECU4, ECU1, ECU3, ECU2]"
P4,4,290,153,"[D0, D1, D2, O, S, S, D3, O]","[L3, L1, L2, ECU1, ECU3, ECU2, ECU4]"
P4,0,265,107,"[D0, D1, D2, O, D3, S, O, O]","[L2, L4, L3, ECU1, ECU2, ECU4, ECU3]"
P4,7,134,526,"[D0, D1, S, O, D2, D3, O, O]","[L1, L4, L3, ECU3, ECU2, ECU1, ECU4]"
P4,28,420,45,"[O, D0, S, O, D1, D2, O, D3]","[L3, L4, L2, ECU3, ECU1, ECU2, ECU4]"
P4,20,474,2023,"[D0, S, S, D1, S, D2, O, D3]","[L4, L1, L3, ECU4, ECU1, ECU2, ECU3]"
P4,15,113,107,"[D0, S, D1, O, S, D2, O, D3]","[L1, L4, L2, ECU3, ECU4, ECU2, ECU1]"
P4,8,232,45,"[D0, D1, S, O, D2, D3, O, S]","[L2, L3, L4, ECU3, ECU4, ECU1, ECU2]"
P4,1,0,87,"[D0, D1, D2, O, D3, S, O, S]","[L1, L2, L3, ECU1, ECU2, ECU3, ECU4]"
P4,24,521,45,"[O, D0, D1, O, D2, D3, O, S]","[L4, L2, L3, ECU3, ECU4, ECU2, ECU1]"
P4,4,494,45,"[D0, D1, D2, O, S, S, D3, O]","[L4, L2, L1, ECU3, ECU2, ECU1, ECU4]"
P4,15,152,160,"[D0, S, D1, O, S, D2, O, D3]","[L2, L1, L3, ECU2, ECU3, ECU1, ECU4]"
P4,12,514,45,"[D0, S, D1, O, D2, D3, O, O]","[L4, L2, L3, ECU2, ECU4, ECU1, ECU3]"
P4,12,381,45,"[D0, S, D1, O, D2, D3, O, O]","[L3, L2, L4, ECU4, ECU2, ECU3, ECU1]"
P4,24,102,45,"[O, D0, D1, O, D2, D3, O, S]","[L1, L4, L2, ECU2, ECU1, ECU3, ECU4]"
P4,23,385,45,"[O, D0, D1, O, D2, D3, O, O]","[L3, L4, L1, ECU1, ECU2, ECU4, ECU3]"
P4,29,178,446,"[O, S, D0, O, D1, D2, O, D3]","[L2, L1, L4, ECU2, ECU4, ECU1, ECU3]"
P4,20,159,787,"[D0, S, S, D1, S, D2, O, D3]","[L2, L1, L3, ECU3, ECU2, ECU4, ECU1]"
P4,13,354,351,"[D0, S, D1, O, D2, D3, O, S]","[L3, L2, L1, ECU4, ECU1, ECU2, ECU3]"
P4,38,338,45,"[S, S, S, D0, D1, D2, O, D3]","[L3, L2, L1, ECU1, ECU3, ECU2, ECU4]"
P4,32,309,45,"[S, D0, D1, O, D2, D3, O, S]","[L3, L1, L2, ECU4, ECU2, ECU3, ECU1]"
P4,5,334,45,"[D0, D1, D2, O, S, S, D3, S]","[L3, L1, L4, ECU4, ECU3, ECU1, ECU2]"
P4,22,472,424,"[D0, S, S, O, D1, D2, O, D3]","[L4, L1, L3, ECU3, ECU4, ECU1, ECU2]"
P4,19,540,4192,"[D0, S, S, D1, D2, S, O, D3]","[L4, L3, L1, ECU3, ECU1, ECU2, ECU4]"
P4,2,217,107,"[D0, D1, D2, O, S, D3, O, O]","[L2, L3, L4, ECU1, ECU2, ECU4, ECU3]"
P4,35,40,2417,"[S, D0, D1, O, S, S, D2, D3]","[L1, L2, L4, ECU3, ECU4, ECU1, ECU2]"
P4,13,66,564,"[D0, S, D1, O, D2, D3, O, S]","[L1, L3, L2, ECU4, ECU1, ECU2, ECU3]"
P4,38,547,45,"[S, S, S, D0, D1, D2, O, D3]","[L4, L3, L1, ECU4, ECU1, ECU3, ECU2]"
P4,8,304,45,"[D0, D1, S, O, D2, D3, O, S]","[L3, L1, L2, ECU3, ECU4, ECU1, ECU2]"
P4,10,537,407,"[D0, D1, S, O, S, D2, O, D3]","[L4, L3, L1, ECU2, ECU3, ECU4, ECU1]"
P4,29,212,45,"[O, S, D0, O, D1, D2, O, D3]","[L2, L3, L1, ECU4, ECU2, ECU1, ECU3]"
P4,34,561,459,"[S, D0, D1, O, S, D2, O, D3]","[L4, L3, L2, ECU2, ECU3, ECU4, ECU1]"
P4,21,570,932,"[D0, S, S, D1, S, S, D2, D3]","[L4, L3, L2, ECU4, ECU1, ECU2, ECU3]"
P4,16,443,1069,"[D0, S, D1, O, S, S, D2, D3]","[L4, L1, L2, ECU2, ECU4, ECU3, ECU1]"
P4,5,94,45,"[D0, D1, D2, O, S, S, D3, S]","[L1, L3, L4, ECU4, ECU3, ECU1, ECU2]"
P4,38,354,45,"[S, S, S, D0, D1, D2, O, D3]","[L3, L2, L1, ECU4, ECU1, ECU2, ECU3]"
P4,27,434,45,"[O, D0, D1, O, S, S, D2, D3]","[L4, L1, L2, ECU1, ECU3, ECU2, ECU4]"
P4,26,238,1058,"[O, D0, D1, O, S, D2, O, D3]","[L2, L3, L4, ECU4, ECU3, ECU1, ECU2]"
P4,25,327,4209,"[O, D0, D1, O, D2, S, O, D3]","[L3, L1, L4, ECU3, ECU2, ECU4, ECU1]"
P4,0,120,87,"[D0, D1, D2, O, D3, S, O, O]","[L1, L4, L3, ECU1, ECU2, ECU3, ECU4]"
P4,26,107,107,"[O, D0, D1, O, S, D2, O, D3]","[L1, L4, L2, ECU2, ECU4, ECU3, ECU1]"
P4,5,50,87,"[D0, D1, D2, O, S, S, D3, S]","[L1, L3, L2, ECU1, ECU3, ECU2, ECU4]"
P4,12,220,1947,"[D0, S, D1, O, D2, D3, O, O]","[L2, L3, L4, ECU1, ECU4, ECU2, ECU3]"
P4,6,555,187,"[D0, D1, D2, O, S, S, O, D3]","[L4, L3, L2, ECU1, ECU3, ECU4, ECU2]"
P4,5,321,45,"[D0, D1, D2, O, S, S, D3, S]","[L3, L1, L4, ECU2, ECU3, ECU4, ECU1]"
P4,11,278,605,"[D0, D1, S, O, S, S, D2, D3]","[L2, L4, L3, ECU3, ECU2, ECU1, ECU4]"
P4,19,132,3679,"[D0, S, S, D1, D2, S, O, D3]","[L1, L4, L3, ECU3, ECU1, ECU2, ECU4]"
P4,5,170,110,"[D0, D1, D2, O, S, S, D3, S]","[L2, L1, L4, ECU1, ECU3, ECU2, ECU4]"
P4,26,129,3407,"[O, D0, D1, O, S, D2, O, D3]","[L1, L4, L3, ECU2, ECU3, ECU4, ECU1]"
P4,34,98,45,"[S, D0, D1, O, S, D2, O, D3]","[L1, L4, L2, ECU1, ECU3, ECU2, ECU4]"
P4,35,273,607,"[S, D0, D1, O, S, S, D2, D3]","[L2, L4, L3, ECU2, ECU3, ECU4, ECU1]"
P4,10,316,281,"[D0, D1, S, O, S, D2, O, D3]","[L3, L1, L4, ECU1, ECU4, ECU2, ECU3]"
P4,14,158,160,"[D0, S, D1, O, D2, S, O, D3]","[L2, L1, L3, ECU3, ECU2, ECU1, ECU4]"
P4,4,215,1935,"[D0, D1, D2, O, S, S, D3, O]","[L2, L3, L1, ECU4, ECU3, ECU2, ECU1]"
P4,31,188,45,"[S, D0, D1, O, D2, D3, O, O]","[L2, L1, L4, ECU4, ECU2, ECU1, ECU3]"
P4,24,542,3761,"[O, D0, D1, O, D2, D3, O, S]","[L4, L3, L1, ECU3, ECU2, ECU1, ECU4]"
P4,3,542,45,"[D0, D1, D2, O, S, D3, O, S]","[L4, L3, L1, ECU3, ECU2, ECU1, ECU4]"
P4,2,470,45,"[D0, D1, D2, O, S, D3, O, O]","[L4, L1, L3, ECU3, ECU2, ECU1, ECU4]"
P4,16,564,554,"[D0, S, D1, O, S, S, D2, D3]","[L4, L3, L2, ECU3, ECU1, ECU2, ECU4]"
P4,21,496,1144,"[D0, S, S, D1, S, S, D2, D3]","[L4, L2, L1, ECU3, ECU4, ECU1, ECU2]"
P4,9,488,247,"[D0, D1, S, O, D2, S, O, D3]","[L4, L2, L1, ECU2, ECU3, ECU1, ECU4]"
P4,19,457,1047,"[D0, S, S, D1, D2, S, O, D3]","[L4, L1, L3, ECU1, ECU2, ECU4, ECU3]"
P4,5,299,45,"[D0, D1, D2, O, S, S, D3, S]","[L3, L1, L2, ECU2, ECU4, ECU3, ECU1]"
P4,13,116,45,"[D0, S, D1, O, D2, D3, O, S]","[L1, L4, L2, ECU4, ECU2, ECU1, ECU3]"
P4,29,401,87,"[O, S, D0, O, D1, D2, O, D3]","[L3, L4, L1, ECU3, ECU4, ECU2, ECU1]"
P4,8,299,45,"[D0, D1, S, O, D2, D3, O, S]","[L3, L1, L2, ECU2, ECU4, ECU3, ECU1]"
P4,8,262,45,"[D0, D1, S, O, D2, D3, O, S]","[L2, L4, L1, ECU4, ECU3, ECU1, ECU2]"
P4,32,389,1934,"[S, D0, D1, O, D2, D3, O, S]","[L3, L4, L1, ECU1, ECU4, ECU3, ECU2]"
P4,23,23,45,"[O, D0, D1, O, D2, D3, O, O]","[L1, L2, L3, ECU4, ECU3, ECU2, ECU1]"
P4,23,562,45,"[O, D0, D1, O, D2, D3, O, O]","[L4, L3, L2, ECU2, ECU4, ECU1, ECU3]"
P4,21,206,1234,"[D0, S, S, D1, S, S, D2, D3]","[L2, L3, L1, ECU3, ECU2, ECU1, ECU4]"
P4,34,446,180,"[S, D0, D1, O, S, D2, O, D3]","[L4, L1, L2, ECU3, ECU2, ECU1, ECU4]"
P4,3,403,45,"[D0, D1, D2, O, S, D3, O, S]","[L3, L4, L1, ECU4, ECU1, ECU3, ECU2]"
P4,7,525,45,"[D0, D1, S, O, D2, D3, O, O]","[L4, L2, L3, ECU4, ECU2, ECU3, ECU1]"
P4,3,513,1632,"[D0, D1, D2, O, S, D3, O, S]","[L4, L2, L3, ECU2, ECU3, ECU4, ECU1]"
P4,20,89,187,"[D0, S, S, D1, S, D2, O, D3]","[L1, L3, L4, ECU3, ECU4, ECU2, ECU1]"
P4,14,219,107,"[D0, S, D1, O, D2, S, O, D3]","[L2, L3, L4, ECU1, ECU3, ECU4, ECU2]"
P4,8,131,45,"[D0, D1, S, O, D2, D3, O, S]","[L1, L4, L3, ECU2, ECU4, ECU3, ECU1]"
P4,12,459,187,"[D0, S, D1, O, D2, D3, O, O]","[L4, L1, L3, ECU1, ECU3, ECU4, ECU2]"
P4,14,243,107,"[D0, S, D1, O, D2, S, O, D3]","[L2, L4, L1, ECU1, ECU3, ECU4, ECU2]"
P4,25,279,630,"[O, D0, D1, O, D2, S, O, D3]","[L2, L4, L3, ECU3, ECU2, ECU4, ECU1]"
P4,23,74,45,"[O, D0, D1, O, D2, D3, O, O]","[L1, L3, L4, ECU1, ECU3, ECU2, ECU4]"
P4,27,364,544,"[O, D0, D1, O, S, S, D2, D3]","[L3, L2, L4, ECU1, ECU4, ECU2, ECU3]"
P4,21,438,626,"[D0, S, S, D1, S, S, D2, D3]","[L4, L1, L2, ECU2, ECU1, ECU3, ECU4]"
P4,5,15,45,"[D0, D1, D2, O, S, S, D3, S]","[L1, L2, L3, ECU3, ECU2, ECU4, ECU1]"
P4,15,262,633,"[D0, S, D1, O, S, D2, O, D3]","[L2, L4, L1, ECU4, ECU3, ECU1, ECU2]"
P4,26,132,45,"[O, D0, D1, O, S, D2, O, D3]","[L1, L4, L3, ECU3, ECU1, ECU2, ECU4]"
P4,0,125,87,"[D0, D1, D2, O, D3, S, O, O]","[L1, L4, L3, ECU1, ECU4, ECU3, ECU2]"
P4,12,28,1977,"[D0, S, D1, O, D2, D3, O, O]","[L1, L2, L4, ECU1, ECU4, ECU2, ECU3]"
P4,0,147,107,"[D0, D1, D2, O, D3, S, O, O]","[L2, L1, L3, ECU1, ECU3, ECU4, ECU2]"
P4,2,62,45,"[D0, D1, D2, O, S, D3, O, O]","[L1, L3, L2, ECU3, ECU2, ECU1, ECU4]"
P4,32,143,45,"[S, D0, D1, O, D2, D3, O, S]","[L1, L4, L3, ECU4, ECU3, ECU2, ECU1]"
P4,18,45,45,"[D0, S, S, D1, D2, D3, O, S]","[L1, L2, L4, ECU4, ECU2, ECU3, ECU1]"
P4,30,557,5396,"[O, S, S, D0, D1, D2, O, D3]","[L4, L3, L2, ECU1, ECU4, ECU3, ECU2]"
P4,1,334,45,"[D0, D1, D2, O, D3, S, O, S]","[L3, L1, L4, ECU4, ECU3, ECU1, ECU2]"
P4,19,284,460,"[D0, S, S, D1, D2, S, O, D3]","[L2, L4, L3, ECU4, ECU2, ECU1, ECU3]"
P4,21,479,188,"[D0, S, S, D1, S, S, D2, D3]","[L4, L1, L3, ECU4, ECU3, ECU2, ECU1]"
P4,12,23,45,"[D0, S, D1, O, D2, D3, O, O]","[L1, L2, L3, ECU4, ECU3, ECU2, ECU1]"
P4,20,18,2712,"[D0, S, S, D1, S, D2, O, D3]","[L1, L2, L3, ECU4, ECU1, ECU2, ECU3]"
P4,33,159,265,"[S, D0, D1, O, D2, S, O, D3]","[L2, L1, L3, ECU3, ECU2, ECU4, ECU1]"
P4,26,120,45,"[O, D0, D1, O, S, D2, O, D3]","[L1, L4, L3, ECU1, ECU2, ECU3, ECU4]"
P4,16,525,207,"[D0, S, D1, O, S, S, D2, D3]","[L4, L2, L3, ECU4, ECU2, ECU3, ECU1]"
P4,0,182,45,"[D0, D1, D2, O, D3, S, O, O]","[L2, L1, L4, ECU3, ECU2, ECU1, ECU4]"
P4,23,377,45,"[O, D0, D1, O, D2, D3, O, O]","[L3, L2, L4, ECU3, ECU4, ECU2, ECU1]"
P4,38,549,87,"[S, S, S, D0, D1, D2, O, D3]","[L4, L3, L1, ECU4, ECU2, ECU3, ECU1]"
P4,26,390,45,"[O, D0, D1, O, S, D2, O, D3]","[L3, L4, L1, ECU2, ECU1, ECU3, ECU4]"
P4,5,182,45,"[D0, D1, D2, O, S, S, D3, S]","[L2, L1, L4, ECU3, ECU2, ECU1, ECU4]"
P4,13,78,428,"[D0, S, D1, O, D2, D3, O, S]","[L1, L3, L4, ECU2, ECU1, ECU3, ECU4]"
P4,7,265,107,"[D0, D1, S, O, D2, D3, O, O]","[L2, L4, L3, ECU1, ECU2, ECU4, ECU3]"
P4,7,424,45,"[D0, D1, S, O, D2, D3, O, O]","[L3, L4, L2, ECU3, ECU4, ECU1, ECU2]"
P4,15,440,236,"[D0, S, D1, O, S, D2, O, D3]","[L4, L1, L2, ECU2, ECU3, ECU1, ECU4]"
P4,4,53,87,"[D0, D1, D2, O, S, S, D3, O]","[L1, L3, L2, ECU1, ECU4, ECU3, ECU2]"
P4,34,559,45,"[S, D0, D1, O, S, D2, O, D3]","[L4, L3, L2, ECU2, ECU1, ECU4, ECU3]"
P4,2,162,45,"[D0, D1, D2, O, S, D3, O, O]","[L2, L1, L3, ECU4, ECU1, ECU2, ECU3]"
P4,26,363,45,"[O, D0, D1, O, S, D2, O, D3]","[L3, L2, L4, ECU1, ECU3, ECU4, ECU2]"
P4,15,410,147,"[D0, S, D1, O, S, D2, O, D3]","[L3, L4, L2, ECU1, ECU3, ECU2, ECU4]"
P4,10,278,527,"[D0, D1, S, O, S, D2, O, D3]","[L2, L4, L3, ECU3, ECU2, ECU1, ECU4]"
P4,38,431,107,"[S, S, S, D0, D1, D2, O, D3]","[L3, L4, L2, ECU4, ECU3, ECU2, ECU1]"
P4,1,497,2226,"[D0, D1, D2, O, D3, S, O, S]","[L4, L2, L1, ECU3, ECU4, ECU2, ECU1]"
P4,18,504,247,"[D0, S, S, D1, D2, D3, O, S]","[L4, L2, L3, ECU1, ECU2, ECU3, ECU4]"
P4,31,478,45,"[S, D0, D1, O, D2, D3, O, O]","[L4, L1, L3, ECU4, ECU3, ECU1, ECU2]"
P4,38,313,45,"[S, S, S, D0, D1, D2, O, D3]","[L3, L1, L4, ECU1, ECU2, ECU4, ECU3]"
P4,38,442,5638,"[S, S, S, D0, D1, D2, O, D3]","[L4, L1, L2, ECU2, ECU4, ECU1, ECU3]"
P4,3,252,45,"[D0, D1, D2, O, S, D3, O, S]","[L2, L4, L1, ECU3, ECU1, ECU2, ECU4]"
P4,9,508,357,"[D0, D1, S, O, D2, S, O, D3]","[L4, L2, L3, ECU1, ECU4, ECU2, ECU3]"
P4,5,441,45,"[D0, D1, D2, O, S, S, D3, S]","[L4, L1, L2, ECU2, ECU3, ECU4, ECU1]"
P4,10,460,1627,"[D0, D1, S, O, S, D2, O, D3]","[L4, L1, L3, ECU1, ECU4, ECU2, ECU3]"
P4,27,164,1690,"[O, D0, D1, O, S, S, D2, D3]","[L2, L1, L3, ECU4, ECU2, ECU1, ECU3]"
P4,25,191,187,"[O, D0, D1, O, D2, S, O, D3]","[L2, L1, L4, ECU4, ECU3, ECU2, ECU1]"
P4,15,171,107,"[D0, S, D1, O, S, D2, O, D3]","[L2, L1, L4, ECU1, ECU3, ECU4, ECU2]"
P4,1,201,2504,"[D0, D1, D2, O, D3, S, O, S]","[L2, L3, L1, ECU2, ECU3, ECU4, ECU1]"
P4,36,138,45,"[S, D0, S, O, D1, D2, O, D3]","[L1, L4, L3, ECU4, ECU1, ECU2, ECU3]"
P4,21,19,1062,"[D0, S, S, D1, S, S, D2, D3]","[L1, L2, L3, ECU4, ECU1, ECU3, ECU2]"
P4,11,482,187,"[D0, D1, S, O, S, S, D2, D3]","[L4, L2, L1, ECU1, ECU3, ECU2, ECU4]"
P4,32,262,45,"[S, D0, D1, O, D2, D3, O, S]","[L2, L4, L1, ECU4, ECU3, ECU1, ECU2]"
P4,6,180,45,"[D0, D1, D2, O, S, S, O, D3]","[L2, L1, L4, ECU3, ECU1, ECU2, ECU4]"
P4,3,122,87,"[D0, D1, D2, O, S, D3, O, S]","[L1, L4, L3, ECU1, ECU3, ECU2, ECU4]"
P4,13,500,45,"[D0, S, D1, O, D2, D3, O, S]","[L4, L2, L1, ECU4, ECU2, ECU1, ECU3]"
P4,21,207,1207,"[D0, S, S, D1, S, S, D2, D3]","[L2, L3, L1, ECU3, ECU2, ECU4, ECU1]"
P4,27,533,212,"[O, D0, D1, O, S, S, D2, D3]","[L4, L3, L1, ECU1, ECU4, ECU3, ECU2]"
P4,1,166,45,"[D0, D1, D2, O, D3, S, O, S]","[L2, L1, L3, ECU4, ECU3, ECU1, ECU2]"
P4,3,54,45,"[D0, D1, D2, O, S, D3, O, S]","[L1, L3, L2, ECU2, ECU1, ECU3, ECU4]"
P4,20,67,7596,"[D0, S, S, D1, S, D2, O, D3]","[L1, L3, L2, ECU4, ECU1, ECU3, ECU2]"
P4,30,117,107,"[O, S, S, D0, D1, D2, O, D3]","[L1, L4, L2, ECU4, ECU2, ECU3, ECU1]"
P4,29,178,446,"[O, S, D0, O, D1, D2, O, D3]","[L2, L1, L4, ECU2, ECU4, ECU1, ECU3]"
P4,26,146,45,"[O, D0, D1, O, S, D2, O, D3]","[L2, L1, L3, ECU1, ECU3, ECU2, ECU4]"
P4,19,114,627,"[D0, S, S, D1, D2, S, O, D3]","[L1, L4, L2, ECU4, ECU1, ECU2, ECU3]"
P4,30,554,4187,"[O, S, S, D0, D1, D2, O, D3]","[L4, L3, L2, ECU1, ECU3, ECU2, ECU4]"
P4,32,338,45,"[S, D0, D1, O, D2, D3, O, S]","[L3, L2, L1, ECU1, ECU3, ECU2, ECU4]"
P4,30,311,110,"[O, S, S, D0, D1, D2, O, D3]","[L3, L1, L2, ECU4, ECU3, ECU2, ECU1]"
P4,6,485,1682,"[D0, D1, D2, O, S, S, O, D3]","[L4, L2, L1, ECU1, ECU4, ECU3, ECU2]"
P4,12,19,4208,"[D0, S, D1, O, D2, D3, O, O]","[L1, L2, L3, ECU4, ECU1, ECU3, ECU2]"
P4,28,410,956,"[O, D0, S, O, D1, D2, O, D3]","[L3, L4, L2, ECU1, ECU3, ECU2, ECU4]"
P4,9,182,180,"[D0, D1, S, O, D2, S, O, D3]","[L2, L1, L4, ECU3, ECU2, ECU1, ECU4]"
P4,29,543,87,"[O, S, D0, O, D1, D2, O, D3]","[L4, L3, L1, ECU3, ECU2, ECU4, ECU1]"
P4,19,434,257,"[D0, S, S, D1, D2, S, O, D3]","[L4, L1, L2, ECU1, ECU3, ECU2, ECU4]"
P4,0,341,147,"[D0, D1, D2, O, D3, S, O, O]","[L3, L2, L1, ECU1, ECU4, ECU3, ECU2]"
P4,32,370,45,"[S, D0, D1, O, D2, D3, O, S]","[L3, L2, L4, ECU2, ECU4, ECU1, ECU3]"
P4,26,287,147,"[O, D0, D1, O, S, D2, O, D3]","[L2, L4, L3, ECU4, ECU3, ECU2, ECU1]"
P4,14,360,147,"[D0, S, D1, O, D2, S, O, D3]","[L3, L2, L4, ECU1, ECU2, ECU3, ECU4]"
P4,21,411,497,"[D0, S, S, D1, S, S, D2, D3]","[L3, L4, L2, ECU1, ECU3, ECU4, ECU2]"
P4,13,518,2393,"[D0, S, D1, O, D2, D3, O, S]","[L4, L2, L3, ECU3, ECU2, ECU1, ECU4]"
P4,14,531,187,"[D0, S, D1, O, D2, S, O, D3]","[L4, L3, L1, ECU1, ECU3, ECU4, ECU2]"
P4,24,492,45,"[O, D0, D1, O, D2, D3, O, S]","[L4, L2, L1, ECU3, ECU1, ECU2, ECU4]"
P4,38,303,110,"[S, S, S, D0, D1, D2, O, D3]","[L3, L1, L2, ECU3, ECU2, ECU4, ECU1]"
P4,35,363,45,"[S, D0, D1, O, S, S, D2, D3]","[L3, L2, L4, ECU1, ECU3, ECU4, ECU2]"
P4,34,17,147,"[S, D0, D1, O, S, D2, O, D3]","[L1, L2, L3, ECU3, ECU4, ECU2, ECU1]"
P4,34,364,2397,"[S, D0, D1, O, S, D2, O, D3]","[L3, L2, L4, ECU1, ECU4, ECU2, ECU3]"
P4,14,128,457,"[D0, S, D1, O, D2, S, O, D3]","[L1, L4, L3, ECU2, ECU3, ECU1, ECU4]"
P4,30,39,193,"[O, S, S, D0, D1, D2, O, D3]","[L1, L2, L4, ECU3, ECU2, ECU4, ECU1]"
P4,21,39,730,"[D0, S, S, D1, S, S, D2, D3]","[L1, L2, L4, ECU3, ECU2, ECU4, ECU1]"
P4,23,339,45,"[O, D0, D1, O, D2, D3, O, O]","[L3, L2, L1, ECU1, ECU3, ECU4, ECU2]"
P4,6,260,45,"[D0, D1, D2, O, S, S, O, D3]","[L2, L4, L1, ECU4, ECU2, ECU1, ECU3]"
P4,38,359,87,"[S, S, S, D0, D1, D2, O, D3]","[L3, L2, L1, ECU4, ECU3, ECU2, ECU1]"
P4,24,391,45,"[O, D0, D1, O, D2, D3, O, S]","[L3, L4, L1, ECU2, ECU1, ECU4, ECU3]"
P4,27,446,200,"[O, D0, D1, O, S, S, D2, D3]","[L4, L1, L2, ECU3, ECU2, ECU1, ECU4]"
P4,19,543,1000,"[D0, S, S, D1, D2, S, O, D3]","[L4, L3, L1, ECU3, ECU2, ECU4, ECU1]"
P4,26,385,45,"[O, D0, D1, O, S, D2, O, D3]","[L3, L4, L1, ECU1, ECU2, ECU4, ECU3]"
P4,9,521,147,"[D0, D1, S, O, D2, S, O, D3]","[L4, L2, L3, ECU3, ECU4, ECU2, ECU1]"
P4,18,462,3551,"[D0, S, S, D1, D2, D3, O, S]","[L4, L1, L3, ECU2, ECU1, ECU3, ECU4]"
P4,12,51,1643,"[D0, S, D1, O, D2, D3, O, O]","[L1, L3, L2, ECU1, ECU3, ECU4, ECU2]"
P4,21,287,198,"[D0, S, S, D1, S, S, D2, D3]","[L2, L4, L3, ECU4, ECU3, ECU2, ECU1]"
P4,14,291,1642,"[D0, S, D1, O, D2, S, O, D3]","[L3, L1, L2, ECU1, ECU3, ECU4, ECU2]"
P4,29,178,446,"[O, S, D0, O, D1, D2, O, D3]","[L2, L1, L4, ECU2, ECU4, ECU1, ECU3]"
P4,34,446,180,"[S, D0, D1, O, S, D2, O, D3]","[L4, L1, L2, ECU3, ECU2, ECU1, ECU4]"
P4,17,307,233,"[D0, S, S, D1, D2, D3, O, O]","[L3, L1, L2, ECU4, ECU1, ECU3, ECU2]"
P4,5,211,45,"[D0, D1, D2, O, S, S, D3, S]","[L2, L3, L1, ECU4, ECU1, ECU3, ECU2]"
P4,13,64,45,"[D0, S, D1, O, D2, D3, O, S]","[L1, L3, L2, ECU3, ECU4, ECU1, ECU2]"
P4,38,35,187,"[S, S, S, D0, D1, D2, O, D3]","[L1, L2, L4, ECU2, ECU4, ECU3, ECU1]"
P4,12,421,1076,"[D0, S, D1, O, D2, D3, O, O]","[L3, L4, L2, ECU3, ECU1, ECU4, ECU2]"
P4,23,218,45,"[O, D0, D1, O, D2, D3, O, O]","[L2, L3, L4, ECU1, ECU3, ECU2, ECU4]"
P4,27,550,4017,"[O, D0, D1, O, S, S, D2, D3]","[L4, L3, L1, ECU4, ECU3, ECU1, ECU2]"
P4,17,289,229,"[D0, S, S, D1, D2, D3, O, O]","[L3, L1, L2, ECU1, ECU2, ECU4, ECU3]"
P4,27,269,1796,"[O, D0, D1, O, S, S, D2, D3]","[L2, L4, L3, ECU1, ECU4, ECU3, ECU2]"
P4,5,285,45,"[D0, D1, D2, O, S, S, D3, S]","[L2, L4, L3, ECU4, ECU2, ECU3, ECU1]"
P4,5,360,147,"[D0, D1, D2, O, S, S, D3, S]","[L3, L2, L4, ECU1, ECU2, ECU3, ECU4]"
P4,27,365,544,"[O, D0, D1, O, S, S, D2, D3]","[L3, L2, L4, ECU1, ECU4, ECU3, ECU2]"
P4,37,411,2565,"[S, S, D0, O, D1, D2, O, D3]","[L3, L4, L2, ECU1, ECU3, ECU4, ECU2]"
P4,32,383,45,"[S, D0, D1, O, D2, D3, O, S]","[L3, L2, L4, ECU4, ECU3, ECU2, ECU1]"
P4,26,181,45,"[O, D0, D1, O, S, D2, O, D3]","[L2, L1, L4, ECU3, ECU1, ECU4, ECU2]"
P4,24,252,45,"[O, D0, D1, O, D2, D3, O, S]","[L2, L4, L1, ECU3, ECU1, ECU2, ECU4]"
P4,25,471,1951,"[O, D0, D1, O, D2, S, O, D3]","[L4, L1, L3, ECU3, ECU2, ECU4, ECU1]"
P4,8,131,45,"[D0, D1, S, O, D2, D3, O, S]","[L1, L4, L3, ECU2, ECU4, ECU3, ECU1]"
P4,13,487,752,"[D0, S, D1, O, D2, D3, O, S]","[L4, L2, L1, ECU2, ECU1, ECU4, ECU3]"
P4,32,56,1992,"[S, D0, D1, O, D2, D3, O, S]","[L1, L3, L2, ECU2, ECU3, ECU1, ECU4]"
P4,12,490,45,"[D0, S, D1, O, D2, D3, O, O]","[L4, L2, L1, ECU2, ECU4, ECU1, ECU3]"
P4,25,377,187,"[O, D0, D1, O, D2, S, O, D3]","[L3, L2, L4, ECU3, ECU4, ECU2, ECU1]"
P4,12,29,1977,"[D0, S, D1, O, D2, D3, O, O]","[L1, L2, L4, ECU1, ECU4, ECU3, ECU2]"
P4,32,207,1484,"[S, D0, D1, O, D2, D3, O, S]","[L2, L3, L1, ECU3, ECU2, ECU4, ECU1]"
P4,32,41,45,"[S, D0, D1, O, D2, D3, O, S]","[L1, L2, L4, ECU3, ECU4, ECU2, ECU1]"
P4,1,90,45,"[D0, D1, D2, O, D3, S, O, S]","[L1, L3, L4, ECU4, ECU1, ECU2, ECU3]"
P4,21,324,632,"[D0, S, S, D1, S, S, D2, D3]","[L3, L1, L4, ECU3, ECU1, ECU2, ECU4]"
P4,33,212,443,"[S, D0, D1, O, D2, S, O, D3]","[L2, L3, L1, ECU4, ECU2, ECU1, ECU3]"
P4,37,555,6212,"[S, S, D0, O, D1, D2, O, D3]","[L4, L3, L2, ECU1, ECU3, ECU4, ECU2]"
P4,11,17,317,"[D0, D1, S, O, S, S, D2, D3]","[L1, L2, L3, ECU3, ECU4, ECU2, ECU1]"
P4,29,102,45,"[O, S, D0, O, D1, D2, O, D3]","[L1, L4, L2, ECU2, ECU1, ECU3, ECU4]"
P4,20,311,110,"[D0, S, S, D1, S, D2, O, D3]","[L3, L1, L2, ECU4, ECU3, ECU2, ECU1]"
P4,4,131,4093,"[D0, D1, D2, O, S, S, D3, O]","[L1, L4, L3, ECU2, ECU4, ECU3, ECU1]"
P4,35,437,2546,"[S, D0, D1, O, S, S, D2, D3]","[L4, L1, L2, ECU1, ECU4, ECU3, ECU2]"
P4,21,385,432,"[D0, S, S, D1, S, S, D2, D3]","[L3, L4, L1, ECU1, ECU2, ECU4, ECU3]"
P4,5,337,147,"[D0, D1, D2, O, S, S, D3, S]","[L3, L2, L1, ECU1, ECU2, ECU4, ECU3]"
P4,32,432,45,"[S, D0, D1, O, D2, D3, O, S]","[L4, L1, L2, ECU1, ECU2, ECU3, ECU4]"
P4,20,277,2408,"[D0, S, S, D1, S, D2, O, D3]","[L2, L4, L3, ECU3, ECU1, ECU4, ECU2]"
P4,2,534,45,"[D0, D1, D2, O, S, D3, O, O]","[L4, L3, L1, ECU2, ECU1, ECU3, ECU4]"
P4,4,323,7130,"[D0, D1, D2, O, S, S, D3, O]","[L3, L1, L4, ECU2, ECU4, ECU3, ECU1]"
P4,22,439,1131,"[D0, S, S, O, D1, D2, O, D3]","[L4, L1, L2, ECU2, ECU1, ECU4, ECU3]"
P4,11,183,347,"[D0, D1, S, O, S, S, D2, D3]","[L2, L1, L4, ECU3, ECU2, ECU4, ECU1]"
P4,32,91,1464,"[S, D0, D1, O, D2, D3, O, S]","[L1, L3, L4, ECU4, ECU1, ECU3, ECU2]"
P4,9,261,87,"[D0, D1, S, O, D2, S, O, D3]","[L2, L4, L1, ECU4, ECU2, ECU3, ECU1]"
P4,6,446,45,"[D0, D1, D2, O, S, S, O, D3]","[L4, L1, L2, ECU3, ECU2, ECU1, ECU4]"
P4,29,452,45,"[O, S, D0, O, D1, D2, O, D3]","[L4, L1, L2, ECU4, ECU2, ECU1, ECU3]"
P4,36,570,45,"[S, D0, S, O, D1, D2, O, D3]","[L4, L3, L2, ECU4, ECU1, ECU2, ECU3]"
P4,25,314,45,"[O, D0, D1, O, D2, S, O, D3]","[L3, L1, L4, ECU1, ECU3, ECU2, ECU4]"
P4,7,227,45,"[D0, D1, S, O, D2, D3, O, O]","[L2, L3, L4, ECU2, ECU4, ECU3, ECU1]"
P4,27,573,207,"[O, D0, D1, O, S, S, D2, D3]","[L4, L3, L2, ECU4, ECU2, ECU3, ECU1]"
P4,27,119,247,"[O, D0, D1, O, S, S, D2, D3]","[L1, L4, L2, ECU4, ECU3, ECU2, ECU1]"
P4,17,490,45,"[D0, S, S, D1, D2, D3, O, O]","[L4, L2, L1, ECU2, ECU4, ECU1, ECU3]"
P4,4,312,153,"[D0, D1, D2, O, S, S, D3, O]","[L3, L1, L4, ECU1, ECU2, ECU3, ECU4]"
P4,36,297,107,"[S, D0, S, O, D1, D2, O, D3]","[L3, L1, L2, ECU2, ECU3, ECU4, ECU1]"
P4,6,114,45,"[D0, D1, D2, O, S, S, O, D3]","[L1, L4, L2, ECU4, ECU1, ECU2, ECU3]"
P4,16,508,1006,"[D0, S, D1, O, S, S, D2, D3]","[L4, L2, L3, ECU1, ECU4, ECU2, ECU3]"
P4,37,180,45,"[S, S, D0, O, D1, D2, O, D3]","[L2, L1, L4, ECU3, ECU1, ECU2, ECU4]"
P4,23,551,45,"[O, D0, D1, O, D2, D3, O, O]","[L4, L3, L1, ECU4, ECU3, ECU2, ECU1]"
P4,2,433,187,"[D0, D1, D2, O, S, D3, O, O]","[L4, L1, L2, ECU1, ECU2, ECU4, ECU3]"
P4,2,451,45,"[D0, D1, D2, O, S, D3, O, O]","[L4, L1, L2, ECU4, ECU1, ECU3, ECU2]"
P4,18,569,45,"[D0, S, S, D1, D2, D3, O, S]","[L4, L3, L2, ECU3, ECU4, ECU2, ECU1]"
P4,16,26,87,"[D0, S, D1, O, S, S, D2, D3]","[L1, L2, L4, ECU1, ECU3, ECU2, ECU4]"
P4,14,491,87,"[D0, S, D1, O, D2, S, O, D3]","[L4, L2, L1, ECU2, ECU4, ECU3, ECU1]"
P4,19,186,200,"[D0, S, S, D1, D2, S, O, D3]","[L2, L1, L4, ECU4, ECU1, ECU2, ECU3]"
P4,3,317,147,"[D0, D1, D2, O, S, D3, O, S]","[L3, L1, L4, ECU1, ECU4, ECU3, ECU2]"
P4,30,540,45,"[O, S, S, D0, D1, D2, O, D3]","[L4, L3, L1, ECU3, ECU1, ECU2, ECU4]"
P4,30,335,196,"[O, S, S, D0, D1, D2, O, D3]","[L3, L1, L4, ECU4, ECU3, ECU2, ECU1]"
P4,17,360,207,"[D0, S, S, D1, D2, D3, O, O]","[L3, L2, L4, ECU1, ECU2, ECU3, ECU4]"
P4,27,320,246,"[O, D0, D1, O, S, S, D2, D3]","[L3, L1, L4, ECU2, ECU3, ECU1, ECU4]"
P4,3,395,7147,"[D0, D1, D2, O, S, D3, O, S]","[L3, L4, L1, ECU2, ECU4, ECU3, ECU1]"
P4,29,523,45,"[O, S, D0, O, D1, D2, O, D3]","[L4, L2, L3, ECU4, ECU1, ECU3, ECU2]"
P4,23,492,45,"[O, D0, D1, O, D2, D3, O, O]","[L4, L2, L1, ECU3, ECU1, ECU2, ECU4]"
P4,5,124,87,"[D0, D1, D2, O, S, S, D3, S]","[L1, L4, L3, ECU1, ECU4, ECU2, ECU3]"
P4,4,125,87,"[D0, D1, D2, O, S, S, D3, O]","[L1, L4, L3, ECU1, ECU4, ECU3, ECU2]"
P4,21,346,2831,"[D0, S, S, D1, S, S, D2, D3]","[L3, L2, L1, ECU2, ECU4, ECU1, ECU3]"
P4,22,476,45,"[D0, S, S, O, D1, D2, O, D3]","[L4, L1, L3, ECU4, ECU2, ECU1, ECU3]"
P4,28,324,45,"[O, D0, S, O, D1, D2, O, D3]","[L3, L1, L4, ECU3, ECU1, ECU2, ECU4]"
P4,18,530,310,"[D0, S, S, D1, D2, D3, O, S]","[L4, L3, L1, ECU1, ECU3, ECU2, ECU4]"
P4,0,498,45,"[D0, D1, D2, O, D3, S, O, O]","[L4, L2, L1, ECU4, ECU1, ECU2, ECU3]"
P4,17,252,2015,"[D0, S, S, D1, D2, D3, O, O]","[L2, L4, L1, ECU3, ECU1, ECU2, ECU4]"
P4,36,277,550,"[S, D0, S, O, D1, D2, O, D3]","[L2, L4, L3, ECU3, ECU1, ECU4, ECU2]"
P4,12,323,45,"[D0, S, D1, O, D2, D3, O, O]","[L3, L1, L4, ECU2, ECU4, ECU3, ECU1]"
P4,37,156,45,"[S, S, D0, O, D1, D2, O, D3]","[L2, L1, L3, ECU3, ECU1, ECU2, ECU4]"
P4,34,269,5447,"[S, D0, D1, O, S, D2, O, D3]","[L2, L4, L3, ECU1, ECU4, ECU3, ECU2]"
P4,15,57,397,"[D0, S, D1, O, S, D2, O, D3]","[L1, L3, L2, ECU2, ECU3, ECU4, ECU1]"
P4,5,486,45,"[D0, D1, D2, O, S, S, D3, S]","[L4, L2, L1, ECU2, ECU1, ECU3, ECU4]"
P4,37,265,6483,"[S, S, D0, O, D1, D2, O, D3]","[L2, L4, L3, ECU1, ECU2, ECU4, ECU3]"
P4,16,449,1069,"[D0, S, D1, O, S, S, D2, D3]","[L4, L1, L2, ECU3, ECU4, ECU2, ECU1]"
P4,26,561,1947,"[O, D0, D1, O, S, D2, O, D3]","[L4, L3, L2, ECU2, ECU3, ECU4, ECU1]"
P4,38,395,87,"[S, S, S, D0, D1, D2, O, D3]","[L3, L4, L1, ECU2, ECU4, ECU3, ECU1]"
P4,7,77,1965,"[D0, D1, S, O, D2, D3, O, O]","[L1, L3, L4, ECU1, ECU4, ECU3, ECU2]"
P4,19,123,642,"[D0, S, S, D1, D2, S, O, D3]","[L1, L4, L3, ECU1, ECU3, ECU4, ECU2]"
P4,37,183,187,"[S, S, D0, O, D1, D2, O, D3]","[L2, L1, L4, ECU3, ECU2, ECU4, ECU1]"
P4,35,470,220,"[S, D0, D1, O, S, S, D2, D3]","[L4, L1, L3, ECU3, ECU2, ECU1, ECU4]"
P4,1,84,45,"[D0, D1, D2, O, D3, S, O, S]","[L1, L3, L4, ECU3, ECU1, ECU2, ECU4]"
P4,20,389,566,"[D0, S, S, D1, S, D2, O, D3]","[L3, L4, L1, ECU1, ECU4, ECU3, ECU2]"
P4,19,285,147,"[D0, S, S, D1, D2, S, O, D3]","[L2, L4, L3, ECU4, ECU2, ECU3, ECU1]"
P4,35,82,5671,"[S, D0, D1, O, S, S, D2, D3]","[L1, L3, L4, ECU2, ECU4, ECU1, ECU3]"
P4,9,23,147,"[D0, D1, S, O, D2, S, O, D3]","[L1, L2, L3, ECU4, ECU3, ECU2, ECU1]"
P4,29,85,502,"[O, S, D0, O, D1, D2, O, D3]","[L1, L3, L4, ECU3, ECU1, ECU4, ECU2]"
P4,30,413,5696,"[O, S, S, D0, D1, D2, O, D3]","[L3, L4, L2, ECU1, ECU4, ECU3, ECU2]"
P4,10,19,1647,"[D0, D1, S, O, S, D2, O, D3]","[L1, L2, L3, ECU4, ECU1, ECU3, ECU2]"
P4,6,303,147,"[D0, D1, D2, O, S, S, O, D3]","[L3, L1, L2, ECU3, ECU2, ECU4, ECU1]"
P4,4,536,45,"[D0, D1, D2, O, S, S, D3, O]","[L4, L3, L1, ECU2, ECU3, ECU1, ECU4]"
P4,38,448,5638,"[S, S, S, D0, D1, D2, O, D3]","[L4, L1, L2, ECU3, ECU4, ECU1, ECU2]"
P4,35,552,45,"[S, D0, D1, O, S, S, D2, D3]","[L4, L3, L2, ECU1, ECU2, ECU3, ECU4]"
P4,29,492,45,"[O, S, D0, O, D1, D2, O, D3]","[L4, L2, L1, ECU3, ECU1, ECU2, ECU4]"
P4,29,463,304,"[O, S, D0, O, D1, D2, O, D3]","[L4, L1, L3, ECU2, ECU1, ECU4, ECU3]"
P4,22,426,45,"[D0, S, S, O, D1, D2, O, D3]","[L3, L4, L2, ECU4, ECU1, ECU2, ECU3]"
P4,31,164,45,"[S, D0, D1, O, D2, D3, O, O]","[L2, L1, L3, ECU4, ECU2, ECU1, ECU3]"
P4,25,264,45,"[O, D0, D1, O, D2, S, O, D3]","[L2, L4, L3, ECU1, ECU2, ECU3, ECU4]"
P4,21,64,1592,"[D0, S, S, D1, S, S, D2, D3]","[L1, L3, L2, ECU3, ECU4, ECU1, ECU2]"
P4,20,145,872,"[D0, S, S, D1, S, D2, O, D3]","[L2, L1, L3, ECU1, ECU2, ECU4, ECU3]"
P4,8,47,45,"[D0, D1, S, O, D2, D3, O, S]","[L1, L2, L4, ECU4, ECU3, ECU2, ECU1]"
P4,30,473,150,"[O, S, S, D0, D1, D2, O, D3]","[L4, L1, L3, ECU3, ECU4, ECU2, ECU1]"
P4,10,141,147,"[D0, D1, S, O, S, D2, O, D3]","[L1, L4, L3, ECU4, ECU2, ECU3, ECU1]"
P4,18,570,441,"[D0, S, S, D1, D2, D3, O, S]","[L4, L3, L2, ECU4, ECU1, ECU2, ECU3]"
P4,4,300,45,"[D0, D1, D2, O, S, S, D3, O]","[L3, L1, L2, ECU3, ECU1, ECU2, ECU4]"
P4,17,37,2370,"[D0, S, S, D1, D2, D3, O, O]","[L1, L2, L4, ECU3, ECU1, ECU4, ECU2]"
P4,6,450,45,"[D0, D1, D2, O, S, S, O, D3]","[L4, L1, L2, ECU4, ECU1, ECU2, ECU3]"
P4,14,153,257,"[D0, S, D1, O, D2, S, O, D3]","[L2, L1, L3, ECU2, ECU3, ECU4, ECU1]"
P4,24,311,45,"[O, D0, D1, O, D2, D3, O, S]","[L3, L1, L2, ECU4, ECU3, ECU2, ECU1]"
P4,31,88,45,"[S, D0, D1, O, D2, D3, O, O]","[L1, L3, L4, ECU3, ECU4, ECU1, ECU2]"
P4,37,451,45,"[S, S, D0, O, D1, D2, O, D3]","[L4, L1, L2, ECU4, ECU1, ECU3, ECU2]"
P4,10,494,247,"[D0, D1, S, O, S, D2, O, D3]","[L4, L2, L1, ECU3, ECU2, ECU1, ECU4]"
P4,35,254,514,"[S, D0, D1, O, S, S, D2, D3]","[L2, L4, L1, ECU3, ECU2, ECU1, ECU4]"
P4,24,59,45,"[O, D0, D1, O, D2, D3, O, S]","[L1, L3, L2, ECU2, ECU4, ECU3, ECU1]"
P4,16,241,107,"[D0, S, D1, O, S, S, D2, D3]","[L2, L4, L1, ECU1, ECU2, ECU4, ECU3]"
P4,16,235,980,"[D0, S, D1, O, S, S, D2, D3]","[L2, L3, L4, ECU4, ECU1, ECU3, ECU2]"
P4,2,407,629,"[D0, D1, D2, O, S, D3, O, O]","[L3, L4, L1, ECU4, ECU3, ECU2, ECU1]"
P4,17,557,556,"[D0, S, S, D1, D2, D3, O, O]","[L4, L3, L2, ECU1, ECU4, ECU3, ECU2]"
P4,1,381,2505,"[D0, D1, D2, O, D3, S, O, S]","[L3, L2, L4, ECU4, ECU2, ECU3, ECU1]"
P4,31,468,45,"[S, D0, D1, O, D2, D3, O, O]","[L4, L1, L3, ECU3, ECU1, ECU2, ECU4]"
P4,27,424,2246,"[O, D0, D1, O, S, S, D2, D3]","[L3, L4, L2, ECU3, ECU4, ECU1, ECU2]"
P4,13,428,45,"[D0, S, D1, O, D2, D3, O, S]","[L3, L4, L2, ECU4, ECU2, ECU1, ECU3]"
P4,26,189,187,"[O, D0, D1, O, S, D2, O, D3]","[L2, L1, L4, ECU4, ECU2, ECU3, ECU1]"
P4,25,215,87,"[O, D0, D1, O, D2, S, O, D3]","[L2, L3, L1, ECU4, ECU3, ECU2, ECU1]"
P4,18,240,261,"[D0, S, S, D1, D2, D3, O, S]","[L2, L4, L1, ECU1, ECU2, ECU3, ECU4]"
P4,17,147,2544,"[D0, S, S, D1, D2, D3, O, O]","[L2, L1, L3, ECU1, ECU3, ECU4, ECU2]"
P4,12,477,45,"[D0, S, D1, O, D2, D3, O, O]","[L4, L1, L3, ECU4, ECU2, ECU3, ECU1]"
P4,19,191,195,"[D0, S, S, D1, D2, S, O, D3]","[L2, L1, L4, ECU4, ECU3, ECU2, ECU1]"
P4,0,435,187,"[D0, D1, D2, O, D3, S, O, O]","[L4, L1, L2, ECU1, ECU3, ECU4, ECU2]"
P4,5,504,187,"[D0, D1, D2, O, S, S, D3, S]","[L4, L2, L3, ECU1, ECU2, ECU3, ECU4]"
P4,23,420,45,"[O, D0, D1, O, D2, D3, O, O]","[L3, L4, L2, ECU3, ECU1, ECU2, ECU4]"
P4,35,500,1609,"[S, D0, D1, O, S, S, D2, D3]","[L4, L2, L1, ECU4, ECU2, ECU1, ECU3]"
P4,32,33,1735,"[S, D0, D1, O, D2, D3, O, S]","[L1, L2, L4, ECU2, ECU3, ECU4, ECU1]"
P4,11,98,87,"[D0, D1, S, O, S, S, D2, D3]","[L1, L4, L2, ECU1, ECU3, ECU2, ECU4]"
P4,20,231,1030,"[D0, S, S, D1, S, D2, O, D3]","[L2, L3, L4, ECU3, ECU2, ECU4, ECU1]"
P4,9,21,147,"[D0, D1, S, O, D2, S, O, D3]","[L1, L2, L3, ECU4, ECU2, ECU3, ECU1]"
P4,7,563,45,"[D0, D1, S, O, D2, D3, O, O]","[L4, L3, L2, ECU2, ECU4, ECU3, ECU1]"
P4,18,83,45,"[D0, S, S, D1, D2, D3, O, S]","[L1, L3, L4, ECU2, ECU4, ECU3, ECU1]"
P4,9,423,610,"[D0, D1, S, O, D2, S, O, D3]","[L3, L4, L2, ECU3, ECU2, ECU4, ECU1]"
P4,0,438,45,"[D0, D1, D2, O, D3, S, O, O]","[L4, L1, L2, ECU2, ECU1, ECU3, ECU4]"
P4,29,136,538,"[O, S, D0, O, D1, D2, O, D3]","[L1, L4, L3, ECU3, ECU4, ECU1, ECU2]"
P4,33,426,1553,"[S, D0, D1, O, D2, S, O, D3]","[L3, L4, L2, ECU4, ECU1, ECU2, ECU3]"
P4,8,21,45,"[D0, D1, S, O, D2, D3, O, S]","[L1, L2, L3, ECU4, ECU2, ECU3, ECU1]"
P4,8,352,45,"[D0, D1, S, O, D2, D3, O, S]","[L3, L2, L1, ECU3, ECU4, ECU1, ECU2]"
P4,18,466,45,"[D0, S, S, D1, D2, D3, O, S]","[L4, L1, L3, ECU2, ECU4, ECU1, ECU3]"
P4,36,474,45,"[S, D0, S, O, D1, D2, O, D3]","[L4, L1, L3, ECU4, ECU1, ECU2, ECU3]"
P4,33,513,325,"[S, D0, D1, O, D2, S, O, D3]","[L4, L2, L3, ECU2, ECU3, ECU4, ECU1]"
P4,26,291,45,"[O, D0, D1, O, S, D2, O, D3]","[L3, L1, L2, ECU1, ECU3, ECU4, ECU2]"
P4,8,274,45,"[D0, D1, S, O, D2, D3, O, S]","[L2, L4, L3, ECU2, ECU4, ECU1, ECU3]"
P4,37,306,45,"[S, S, D0, O, D1, D2, O, D3]","[L3, L1, L2, ECU4, ECU1, ECU2, ECU3]"
P4,30,92,45,"[O, S, S, D0, D1, D2, O, D3]","[L1, L3, L4, ECU4, ECU2, ECU1, ECU3]"
P4,11,354,653,"[D0, D1, S, O, S, S, D2, D3]","[L3, L2, L1, ECU4, ECU1, ECU2, ECU3]"
P4,37,226,576,"[S, S, D0, O, D1, D2, O, D3]","[L2, L3, L4, ECU2, ECU4, ECU1, ECU3]"
P4,2,562,612,"[D0, D1, D2, O, S, D3, O, O]","[L4, L3, L2, ECU2, ECU4, ECU1, ECU3]"
P4,15,77,518,"[D0, S, D1, O, S, D2, O, D3]","[L1, L3, L4, ECU1, ECU4, ECU3, ECU2]"
P4,27,332,7170,"[O, D0, D1, O, S, S, D2, D3]","[L3, L1, L4, ECU4, ECU2, ECU1, ECU3]"
P4,7,237,45,"[D0, D1, S, O, D2, D3, O, O]","[L2, L3, L4, ECU4, ECU2, ECU3, ECU1]"
P4,38,539,87,"[S, S, S, D0, D1, D2, O, D3]","[L4, L3, L1, ECU2, ECU4, ECU3, ECU1]"
P4,29,329,187,"[O, S, D0, O, D1, D2, O, D3]","[L3, L1, L4, ECU3, ECU4, ECU2, ECU1]"
P4,38,172,45,"[S, S, S, D0, D1, D2, O, D3]","[L2, L1, L4, ECU1, ECU4, ECU2, ECU3]"
P4,25,21,147,"[O, D0, D1, O, D2, S, O, D3]","[L1, L2, L3, ECU4, ECU2, ECU3, ECU1]"
P4,31,454,45,"[S, D0, D1, O, D2, D3, O, O]","[L4, L1, L2, ECU4, ECU3, ECU1, ECU2]"
P4,33,205,45,"[S, D0, D1, O, D2, S, O, D3]","[L2, L3, L1, ECU3, ECU1, ECU4, ECU2]"
P4,17,145,2544,"[D0, S, S, D1, D2, D3, O, O]","[L2, L1, L3, ECU1, ECU2, ECU4, ECU3]"
P4,2,6,45,"[D0, D1, D2, O, S, D3, O, O]","[L1, L2, L3, ECU2, ECU1, ECU3, ECU4]"
P4,13,239,45,"[D0, S, D1, O, D2, D3, O, S]","[L2, L3, L4, ECU4, ECU3, ECU2, ECU1]"
P4,14,313,147,"[D0, S, D1, O, D2, S, O, D3]","[L3, L1, L4, ECU1, ECU2, ECU4, ECU3]"
P4,7,516,676,"[D0, D1, S, O, D2, D3, O, O]","[L4, L2, L3, ECU3, ECU1, ECU2, ECU4]"
P4,16,437,759,"[D0, S, D1, O, S, S, D2, D3]","[L4, L1, L2, ECU1, ECU4, ECU3, ECU2]"
P4,19,509,382,"[D0, S, S, D1, D2, S, O, D3]","[L4, L2, L3, ECU1, ECU4, ECU3, ECU2]"
P4,9,243,107,"[D0, D1, S, O, D2, S, O, D3]","[L2, L4, L1, ECU1, ECU3, ECU4, ECU2]"
P4,5,486,45,"[D0, D1, D2, O, S, S, D3, S]","[L4, L2, L1, ECU2, ECU1, ECU3, ECU4]"
P4,8,2,87,"[D0, D1, S, O, D2, D3, O, S]","[L1, L2, L3, ECU1, ECU3, ECU2, ECU4]"
P4,18,274,45,"[D0, S, S, D1, D2, D3, O, S]","[L2, L4, L3, ECU2, ECU4, ECU1, ECU3]"
