K3,2,216,45,"[D0, D1, O, D2, S, O, S, D3, O]","[L2, L3, L4, ECU1, ECU2, ECU3, ECU4]"
K3,1,274,803,"[D0, D1, O, D2, S, O, D3, S, O]","[L2, L4, L3, ECU2, ECU4, ECU1, ECU3]"
K3,8,26,45,"[D0, D1, O, S, S, D2, S, D3, O]","[L1, L2, L4, ECU1, ECU3, ECU2, ECU4]"
K3,26,223,2194,"[S, S, D0, D1, S, O, D2, D3, O]","[L2, L3, L4, ECU2, ECU1, ECU4, ECU3]"
K3,14,430,45,"[D0, S, O, D1, S, O, D2, D3, O]","[L3, L4, L2, ECU4, ECU3, ECU1, ECU2]"
K3,16,451,992,"[D0, S, O, S, S, D1, D2, D3, O]","[L4, L1, L2, ECU4, ECU1, ECU3, ECU2]"
K3,29,513,3983,"[S, S, O, D0, D1, O, D2, D3, O]","[L4, L2, L3, ECU2, ECU3, ECU4, ECU1]"
K3,24,84,45,"[S, S, D0, D1, D2, O, S, D3, O]","[L1, L3, L4, ECU3, ECU1, ECU2, ECU4]"
K3,9,230,1728,"[D0, D1, O, S, S, D2, S, S, D3]","[L2, L3, L4, ECU3, ECU2, ECU1, ECU4]"
K3,9,536,905,"[D0, D1, O, S, S, D2, S, S, D3]","[L4, L3, L1, ECU2, ECU3, ECU1, ECU4]"
K3,24,478,45,"[S, S, D0, D1, D2, O, S, D3, O]","[L4, L1, L3, ECU4, ECU3, ECU1, ECU2]"
K3,16,359,45,"[D0, S, O, S, S, D1, D2, D3, O]","[L3, L2, L1, ECU4, ECU3, ECU2, ECU1]"
K3,24,426,45,"[S, S, D0, D1, D2, O, S, D3, O]","[L3, L4, L2, ECU4, ECU1, ECU2, ECU3]"
K3,6,240,45,"[D0, D1, O, S, D2, O, S, S, D3]","[L2, L4, L1, ECU1, ECU2, ECU3, ECU4]"
K3,2,319,45,"[D0, D1, O, D2, S, O, S, D3, O]","[L3, L1, L4, ECU2, ECU1, ECU4, ECU3]"
K3,24,482,1141,"[S, S, D0, D1, D2, O, S, D3, O]","[L4, L2, L1, ECU1, ECU3, ECU2, ECU4]"
K3,10,72,45,"[D0, D1, O, S, S, O, D2, D3, O]","[L1, L3, L4, ECU1, ECU2, ECU3, ECU4]"
K3,7,279,1034,"[D0, D1, O, S, S, D2, D3, S, O]","[L2, L4, L3, ECU3, ECU2, ECU4, ECU1]"
K3,7,367,45,"[D0, D1, O, S, S, D2, D3, S, O]","[L3, L2, L4, ECU2, ECU1, ECU4, ECU3]"
K3,28,336,2916,"[S, S, D0, S, S, D1, D2, D3, O]","[L3, L2, L1, ECU1, ECU2, ECU3, ECU4]"
K3,24,240,1158,"[S, S, D0, D1, D2, O, S, D3, O]","[L2, L4, L1, ECU1, ECU2, ECU3, ECU4]"
K3,0,75,45,"[D0, D1, O, D2, D3, O, S, S, O]","[L1, L3, L4, ECU1, ECU3, ECU4, ECU2]"
K3,27,552,2233,"[S, S, D0, S, D1, O, D2, D3, O]","[L4, L3, L2, ECU1, ECU2, ECU3, ECU4]"
K3,24,438,45,"[S, S, D0, D1, D2, O, S, D3, O]","[L4, L1, L2, ECU2, ECU1, ECU3, ECU4]"
K3,23,21,1324,"[S, S, D0, D1, D2, O, D3, S, O]","[L1, L2, L3, ECU4, ECU2, ECU3, ECU1]"
K3,17,9,678,"[S, D0, O, D1, D2, O, D3, S, O]","[L1, L2, L3, ECU2, ECU3, ECU4, ECU1]"
K3,13,335,1373,"[D0, S, O, D1, D2, O, S, S, D3]","[L3, L1, L4, ECU4, ECU3, ECU2, ECU1]"
K3,0,92,45,"[D0, D1, O, D2, D3, O, S, S, O]","[L1, L3, L4, ECU4, ECU2, ECU1, ECU3]"
K3,6,537,1864,"[D0, D1, O, S, D2, O, S, S, D3]","[L4, L3, L1, ECU2, ECU3, ECU4, ECU1]"
K3,26,305,45,"[S, S, D0, D1, S, O, D2, D3, O]","[L3, L1, L2, ECU3, ECU4, ECU2, ECU1]"
K3,7,199,45,"[D0, D1, O, S, S, D2, D3, S, O]","[L2, L3, L1, ECU2, ECU1, ECU4, ECU3]"
K3,11,134,45,"[D0, S, O, D1, D2, O, D3, S, O]","[L1, L4, L3, ECU3, ECU2, ECU1, ECU4]"
K3,19,110,45,"[S, D0, O, D1, D2, O, S, S, D3]","[L1, L4, L2, ECU3, ECU2, ECU1, ECU4]"
K3,11,548,45,"[D0, S, O, D1, D2, O, D3, S, O]","[L4, L3, L1, ECU4, ECU2, ECU1, ECU3]"
K3,1,555,45,"[D0, D1, O, D2, S, O, D3, S, O]","[L4, L3, L2, ECU1, ECU3, ECU4, ECU2]"
K3,26,41,45,"[S, S, D0, D1, S, O, D2, D3, O]","[L1, L2, L4, ECU3, ECU4, ECU2, ECU1]"
K3,26,427,3676,"[S, S, D0, D1, S, O, D2, D3, O]","[L3, L4, L2, ECU4, ECU1, ECU3, ECU2]"
K3,8,568,5346,"[D0, D1, O, S, S, D2, S, D3, O]","[L4, L3, L2, ECU3, ECU4, ECU1, ECU2]"
K3,18,94,45,"[S, D0, O, D1, D2, O, S, D3, O]","[L1, L3, L4, ECU4, ECU3, ECU1, ECU2]"
K3,29,367,45,"[S, S, O, D0, D1, O, D2, D3, O]","[L3, L2, L4, ECU2, ECU1, ECU4, ECU3]"
K3,2,217,45,"[D0, D1, O, D2, S, O, S, D3, O]","[L2, L3, L4, ECU1, ECU2, ECU4, ECU3]"
K3,6,504,45,"[D0, D1, O, S, D2, O, S, S, D3]","[L4, L2, L3, ECU1, ECU2, ECU3, ECU4]"
K3,21,335,45,"[S, D0, O, S, D1, O, D2, D3, O]","[L3, L1, L4, ECU4, ECU3, ECU2, ECU1]"
K3,28,443,45,"[S, S, D0, S, S, D1, D2, D3, O]","[L4, L1, L2, ECU2, ECU4, ECU3, ECU1]"
K3,12,185,723,"[D0, S, O, D1, D2, O, S, D3, O]","[L2, L1, L4, ECU3, ECU4, ECU2, ECU1]"
K3,28,294,2916,"[S, S, D0, S, S, D1, D2, D3, O]","[L3, L1, L2, ECU2, ECU1, ECU3, ECU4]"
K3,0,178,45,"[D0, D1, O, D2, D3, O, S, S, O]","[L2, L1, L4, ECU2, ECU4, ECU1, ECU3]"
K3,24,316,1436,"[S, S, D0, D1, D2, O, S, D3, O]","[L3, L1, L4, ECU1, ECU4, ECU2, ECU3]"
K3,12,365,1299,"[D0, S, O, D1, D2, O, S, D3, O]","[L3, L2, L4, ECU1, ECU4, ECU3, ECU2]"
K3,29,461,1781,"[S, S, O, D0, D1, O, D2, D3, O]","[L4, L1, L3, ECU1, ECU4, ECU3, ECU2]"
K3,9,299,2344,"[D0, D1, O, S, S, D2, S, S, D3]","[L3, L1, L2, ECU2, ECU4, ECU3, ECU1]"
K3,25,276,45,"[S, S, D0, D1, D2, O, S, S, D3]","[L2, L4, L3, ECU3, ECU1, ECU2, ECU4]"
K3,17,180,45,"[S, D0, O, D1, D2, O, D3, S, O]","[L2, L1, L4, ECU3, ECU1, ECU2, ECU4]"
K3,2,517,45,"[D0, D1, O, D2, S, O, S, D3, O]","[L4, L2, L3, ECU3, ECU1, ECU4, ECU2]"
K3,24,135,1586,"[S, S, D0, D1, D2, O, S, D3, O]","[L1, L4, L3, ECU3, ECU2, ECU4, ECU1]"
K3,6,198,45,"[D0, D1, O, S, D2, O, S, S, D3]","[L2, L3, L1, ECU2, ECU1, ECU3, ECU4]"
K3,8,153,1546,"[D0, D1, O, S, S, D2, S, D3, O]","[L2, L1, L3, ECU2, ECU3, ECU4, ECU1]"
K3,4,139,306,"[D0, D1, O, S, D2, O, D3, S, O]","[L1, L4, L3, ECU4, ECU1, ECU3, ECU2]"
K3,7,61,45,"[D0, D1, O, S, S, D2, D3, S, O]","[L1, L3, L2, ECU3, ECU1, ECU4, ECU2]"
K3,2,119,650,"[D0, D1, O, D2, S, O, S, D3, O]","[L1, L4, L2, ECU4, ECU3, ECU2, ECU1]"
K3,22,332,45,"[S, D0, O, S, S, D1, D2, D3, O]","[L3, L1, L4, ECU4, ECU2, ECU1, ECU3]"
K3,3,13,45,"[D0, D1, O, D2, S, O, S, S, D3]","[L1, L2, L3, ECU3, ECU1, ECU4, ECU2]"
K3,26,97,1394,"[S, S, D0, D1, S, O, D2, D3, O]","[L1, L4, L2, ECU1, ECU2, ECU4, ECU3]"
K3,26,1,1797,"[S, S, D0, D1, S, O, D2, D3, O]","[L1, L2, L3, ECU1, ECU2, ECU4, ECU3]"
K3,13,185,4381,"[D0, S, O, D1, D2, O, S, S, D3]","[L2, L1, L4, ECU3, ECU4, ECU2, ECU1]"
K3,26,517,6951,"[S, S, D0, D1, S, O, D2, D3, O]","[L4, L2, L3, ECU3, ECU1, ECU4, ECU2]"
K3,20,219,803,"[S, D0, O, D1, S, O, D2, D3, O]","[L2, L3, L4, ECU1, ECU3, ECU4, ECU2]"
K3,26,393,210,"[S, S, D0, D1, S, O, D2, D3, O]","[L3, L4, L1, ECU2, ECU3, ECU4, ECU1]"
K3,17,278,45,"[S, D0, O, D1, D2, O, D3, S, O]","[L2, L4, L3, ECU3, ECU2, ECU1, ECU4]"
K3,3,86,3614,"[D0, D1, O, D2, S, O, S, S, D3]","[L1, L3, L4, ECU3, ECU2, ECU1, ECU4]"
K3,3,396,45,"[D0, D1, O, D2, S, O, S, S, D3]","[L3, L4, L1, ECU3, ECU1, ECU2, ECU4]"
K3,19,129,4126,"[S, D0, O, D1, D2, O, S, S, D3]","[L1, L4, L3, ECU2, ECU3, ECU4, ECU1]"
K3,9,574,1896,"[D0, D1, O, S, S, D2, S, S, D3]","[L4, L3, L2, ECU4, ECU3, ECU1, ECU2]"
K3,28,363,1896,"[S, S, D0, S, S, D1, D2, D3, O]","[L3, L2, L4, ECU1, ECU3, ECU4, ECU2]"
K3,16,53,2675,"[D0, S, O, S, S, D1, D2, D3, O]","[L1, L3, L2, ECU1, ECU4, ECU3, ECU2]"
K3,10,333,45,"[D0, D1, O, S, S, O, D2, D3, O]","[L3, L1, L4, ECU4, ECU2, ECU3, ECU1]"
K3,5,270,45,"[D0, D1, O, S, D2, O, S, D3, O]","[L2, L4, L3, ECU2, ECU1, ECU3, ECU4]"
K3,2,222,45,"[D0, D1, O, D2, S, O, S, D3, O]","[L2, L3, L4, ECU2, ECU1, ECU3, ECU4]"
K3,3,306,173,"[D0, D1, O, D2, S, O, S, S, D3]","[L3, L1, L2, ECU4, ECU1, ECU2, ECU3]"
K3,10,136,45,"[D0, D1, O, S, S, O, D2, D3, O]","[L1, L4, L3, ECU3, ECU4, ECU1, ECU2]"
K3,28,80,187,"[S, S, D0, S, S, D1, D2, D3, O]","[L1, L3, L4, ECU2, ECU3, ECU1, ECU4]"
K3,26,76,1027,"[S, S, D0, D1, S, O, D2, D3, O]","[L1, L3, L4, ECU1, ECU4, ECU2, ECU3]"
K3,26,200,170,"[S, S, D0, D1, S, O, D2, D3, O]","[L2, L3, L1, ECU2, ECU3, ECU1, ECU4]"
K3,8,419,4229,"[D0, D1, O, S, S, D2, S, D3, O]","[L3, L4, L2, ECU2, ECU4, ECU3, ECU1]"
K3,17,526,45,"[S, D0, O, D1, D2, O, D3, S, O]","[L4, L2, L3, ECU4, ECU3, ECU1, ECU2]"
K3,29,167,45,"[S, S, O, D0, D1, O, D2, D3, O]","[L2, L1, L3, ECU4, ECU3, ECU2, ECU1]"
K3,5,558,45,"[D0, D1, O, S, D2, O, S, D3, O]","[L4, L3, L2, ECU2, ECU1, ECU3, ECU4]"
K3,22,109,702,"[S, D0, O, S, S, D1, D2, D3, O]","[L1, L4, L2, ECU3, ECU1, ECU4, ECU2]"
K3,20,92,45,"[S, D0, O, D1, S, O, D2, D3, O]","[L1, L3, L4, ECU4, ECU2, ECU1, ECU3]"
K3,6,407,707,"[D0, D1, O, S, D2, O, S, S, D3]","[L3, L4, L1, ECU4, ECU3, ECU2, ECU1]"
K3,8,153,1546,"[D0, D1, O, S, S, D2, S, D3, O]","[L2, L1, L3, ECU2, ECU3, ECU4, ECU1]"
K3,11,25,723,"[D0, S, O, D1, D2, O, D3, S, O]","[L1, L2, L4, ECU1, ECU2, ECU4, ECU3]"
K3,21,544,45,"[S, D0, O, S, D1, O, D2, D3, O]","[L4, L3, L1, ECU3, ECU4, ECU1, ECU2]"
K3,24,562,1073,"[S, S, D0, D1, D2, O, S, D3, O]","[L4, L3, L2, ECU2, ECU4, ECU1, ECU3]"
K3,19,447,1391,"[S, D0, O, D1, D2, O, S, S, D3]","[L4, L1, L2, ECU3, ECU2, ECU4, ECU1]"
K3,18,166,45,"[S, D0, O, D1, D2, O, S, D3, O]","[L2, L1, L3, ECU4, ECU3, ECU1, ECU2]"
K3,0,54,45,"[D0, D1, O, D2, D3, O, S, S, O]","[L1, L3, L2, ECU2, ECU1, ECU3, ECU4]"
K3,7,246,45,"[D0, D1, O, S, S, D2, D3, S, O]","[L2, L4, L1, ECU2, ECU1, ECU3, ECU4]"
K3,29,151,45,"[S, S, O, D0, D1, O, D2, D3, O]","[L2, L1, L3, ECU2, ECU1, ECU4, ECU3]"
K3,29,191,45,"[S, S, O, D0, D1, O, D2, D3, O]","[L2, L1, L4, ECU4, ECU3, ECU2, ECU1]"
K3,28,259,1135,"[S, S, D0, S, S, D1, D2, D3, O]","[L2, L4, L1, ECU4, ECU1, ECU3, ECU2]"
K3,13,570,45,"[D0, S, O, D1, D2, O, S, S, D3]","[L4, L3, L2, ECU4, ECU1, ECU2, ECU3]"
K3,29,282,1503,"[S, S, O, D0, D1, O, D2, D3, O]","[L2, L4, L3, ECU4, ECU1, ECU2, ECU3]"
K3,7,68,1695,"[D0, D1, O, S, S, D2, D3, S, O]","[L1, L3, L2, ECU4, ECU2, ECU1, ECU3]"
K3,14,397,1086,"[D0, S, O, D1, S, O, D2, D3, O]","[L3, L4, L1, ECU3, ECU1, ECU4, ECU2]"
K3,3,280,4229,"[D0, D1, O, D2, S, O, S, S, D3]","[L2, L4, L3, ECU3, ECU4, ECU1, ECU2]"
K3,3,276,45,"[D0, D1, O, D2, S, O, S, S, D3]","[L2, L4, L3, ECU3, ECU1, ECU2, ECU4]"
K3,13,407,1027,"[D0, S, O, D1, D2, O, S, S, D3]","[L3, L4, L1, ECU4, ECU3, ECU2, ECU1]"
K3,20,537,306,"[S, D0, O, D1, S, O, D2, D3, O]","[L4, L3, L1, ECU2, ECU3, ECU4, ECU1]"
K3,6,170,45,"[D0, D1, O, S, D2, O, S, S, D3]","[L2, L1, L4, ECU1, ECU3, ECU2, ECU4]"
K3,16,123,6739,"[D0, S, O, S, S, D1, D2, D3, O]","[L1, L4, L3, ECU1, ECU3, ECU4, ECU2]"
K3,25,470,45,"[S, S, D0, D1, D2, O, S, S, D3]","[L4, L1, L3, ECU3, ECU2, ECU1, ECU4]"
K3,4,262,650,"[D0, D1, O, S, D2, O, D3, S, O]","[L2, L4, L1, ECU4, ECU3, ECU1, ECU2]"
K3,9,12,45,"[D0, D1, O, S, S, D2, S, S, D3]","[L1, L2, L3, ECU3, ECU1, ECU2, ECU4]"
K3,21,482,723,"[S, D0, O, S, D1, O, D2, D3, O]","[L4, L2, L1, ECU1, ECU3, ECU2, ECU4]"
K3,28,456,3968,"[S, S, D0, S, S, D1, D2, D3, O]","[L4, L1, L3, ECU1, ECU2, ECU3, ECU4]"
K3,13,537,1939,"[D0, S, O, D1, D2, O, S, S, D3]","[L4, L3, L1, ECU2, ECU3, ECU4, ECU1]"
K3,2,136,698,"[D0, D1, O, D2, S, O, S, D3, O]","[L1, L4, L3, ECU3, ECU4, ECU1, ECU2]"
K3,18,536,45,"[S, D0, O, D1, D2, O, S, D3, O]","[L4, L3, L1, ECU2, ECU3, ECU1, ECU4]"
K3,18,320,45,"[S, D0, O, D1, D2, O, S, D3, O]","[L3, L1, L4, ECU2, ECU3, ECU1, ECU4]"
K3,12,500,45,"[D0, S, O, D1, D2, O, S, D3, O]","[L4, L2, L1, ECU4, ECU2, ECU1, ECU3]"
K3,9,54,45,"[D0, D1, O, S, S, D2, S, S, D3]","[L1, L3, L2, ECU2, ECU1, ECU3, ECU4]"
K3,22,318,1939,"[S, D0, O, S, S, D1, D2, D3, O]","[L3, L1, L4, ECU2, ECU1, ECU3, ECU4]"
K3,20,315,1086,"[S, D0, O, D1, S, O, D2, D3, O]","[L3, L1, L4, ECU1, ECU3, ECU4, ECU2]"
K3,19,497,688,"[S, D0, O, D1, D2, O, S, S, D3]","[L4, L2, L1, ECU3, ECU4, ECU2, ECU1]"
K3,19,261,1141,"[S, D0, O, D1, D2, O, S, S, D3]","[L2, L4, L1, ECU4, ECU2, ECU3, ECU1]"
K3,8,225,3676,"[D0, D1, O, S, S, D2, S, D3, O]","[L2, L3, L4, ECU2, ECU3, ECU4, ECU1]"
K3,3,418,1861,"[D0, D1, O, D2, S, O, S, S, D3]","[L3, L4, L2, ECU2, ECU4, ECU1, ECU3]"
K3,11,180,45,"[D0, S, O, D1, D2, O, D3, S, O]","[L2, L1, L4, ECU3, ECU1, ECU2, ECU4]"
K3,24,196,711,"[S, S, D0, D1, D2, O, S, D3, O]","[L2, L3, L1, ECU1, ECU4, ECU2, ECU3]"
K3,5,49,45,"[D0, D1, O, S, D2, O, S, D3, O]","[L1, L3, L2, ECU1, ECU2, ECU4, ECU3]"
K3,0,250,45,"[D0, D1, O, D2, D3, O, S, S, O]","[L2, L4, L1, ECU2, ECU4, ECU1, ECU3]"
K3,0,203,45,"[D0, D1, O, D2, D3, O, S, S, O]","[L2, L3, L1, ECU2, ECU4, ECU3, ECU1]"
K3,7,7,45,"[D0, D1, O, S, S, D2, D3, S, O]","[L1, L2, L3, ECU2, ECU1, ECU4, ECU3]"
K3,9,204,45,"[D0, D1, O, S, S, D2, S, S, D3]","[L2, L3, L1, ECU3, ECU1, ECU2, ECU4]"
K3,13,94,45,"[D0, S, O, D1, D2, O, S, S, D3]","[L1, L3, L4, ECU4, ECU3, ECU1, ECU2]"
K3,26,459,4126,"[S, S, D0, D1, S, O, D2, D3, O]","[L4, L1, L3, ECU1, ECU3, ECU4, ECU2]"
K3,11,507,1357,"[D0, S, O, D1, D2, O, D3, S, O]","[L4, L2, L3, ECU1, ECU3, ECU4, ECU2]"
K3,10,72,45,"[D0, D1, O, S, S, O, D2, D3, O]","[L1, L3, L4, ECU1, ECU2, ECU3, ECU4]"
K3,22,29,2037,"[S, D0, O, S, S, D1, D2, D3, O]","[L1, L2, L4, ECU1, ECU4, ECU3, ECU2]"
K3,9,27,45,"[D0, D1, O, S, S, D2, S, S, D3]","[L1, L2, L4, ECU1, ECU3, ECU4, ECU2]"
K3,22,77,1649,"[S, D0, O, S, S, D1, D2, D3, O]","[L1, L3, L4, ECU1, ECU4, ECU3, ECU2]"
K3,12,379,45,"[D0, S, O, D1, D2, O, S, D3, O]","[L3, L2, L4, ECU4, ECU1, ECU3, ECU2]"
K3,7,407,3044,"[D0, D1, O, S, S, D2, D3, S, O]","[L3, L4, L1, ECU4, ECU3, ECU2, ECU1]"
K3,19,20,45,"[S, D0, O, D1, D2, O, S, S, D3]","[L1, L2, L3, ECU4, ECU2, ECU1, ECU3]"
K3,2,352,670,"[D0, D1, O, D2, S, O, S, D3, O]","[L3, L2, L1, ECU3, ECU4, ECU1, ECU2]"
K3,7,500,1930,"[D0, D1, O, S, S, D2, D3, S, O]","[L4, L2, L1, ECU4, ECU2, ECU1, ECU3]"
K3,17,190,45,"[S, D0, O, D1, D2, O, D3, S, O]","[L2, L1, L4, ECU4, ECU3, ECU1, ECU2]"
K3,19,547,45,"[S, D0, O, D1, D2, O, S, S, D3]","[L4, L3, L1, ECU4, ECU1, ECU3, ECU2]"
K3,10,559,45,"[D0, D1, O, S, S, O, D2, D3, O]","[L4, L3, L2, ECU2, ECU1, ECU4, ECU3]"
K3,8,225,3676,"[D0, D1, O, S, S, D2, S, D3, O]","[L2, L3, L4, ECU2, ECU3, ECU4, ECU1]"
K3,27,349,2792,"[S, S, D0, S, D1, O, D2, D3, O]","[L3, L2, L1, ECU3, ECU1, ECU4, ECU2]"
K3,22,215,45,"[S, D0, O, S, S, D1, D2, D3, O]","[L2, L3, L1, ECU4, ECU3, ECU2, ECU1]"
K3,22,487,999,"[S, D0, O, S, S, D1, D2, D3, O]","[L4, L2, L1, ECU2, ECU1, ECU4, ECU3]"
K3,17,206,45,"[S, D0, O, D1, D2, O, D3, S, O]","[L2, L3, L1, ECU3, ECU2, ECU1, ECU4]"
K3,24,560,45,"[S, S, D0, D1, D2, O, S, D3, O]","[L4, L3, L2, ECU2, ECU3, ECU1, ECU4]"
K3,10,192,45,"[D0, D1, O, S, S, O, D2, D3, O]","[L2, L3, L1, ECU1, ECU2, ECU3, ECU4]"
K3,24,415,1465,"[S, S, D0, D1, D2, O, S, D3, O]","[L3, L4, L2, ECU2, ECU1, ECU4, ECU3]"
K3,19,227,1562,"[S, D0, O, D1, D2, O, S, S, D3]","[L2, L3, L4, ECU2, ECU4, ECU3, ECU1]"
K3,23,6,45,"[S, S, D0, D1, D2, O, D3, S, O]","[L1, L2, L3, ECU2, ECU1, ECU3, ECU4]"
K3,0,51,45,"[D0, D1, O, D2, D3, O, S, S, O]","[L1, L3, L2, ECU1, ECU3, ECU4, ECU2]"
K3,22,444,4572,"[S, D0, O, S, S, D1, D2, D3, O]","[L4, L1, L2, ECU3, ECU1, ECU2, ECU4]"
K3,0,257,45,"[D0, D1, O, D2, D3, O, S, S, O]","[L2, L4, L1, ECU3, ECU4, ECU2, ECU1]"
K3,14,415,1357,"[D0, S, O, D1, S, O, D2, D3, O]","[L3, L4, L2, ECU2, ECU1, ECU4, ECU3]"
K3,19,336,1546,"[S, D0, O, D1, D2, O, S, S, D3]","[L3, L2, L1, ECU1, ECU2, ECU3, ECU4]"
K3,0,295,45,"[D0, D1, O, D2, D3, O, S, S, O]","[L3, L1, L2, ECU2, ECU1, ECU4, ECU3]"
K3,1,492,45,"[D0, D1, O, D2, S, O, D3, S, O]","[L4, L2, L1, ECU3, ECU1, ECU2, ECU4]"
K3,22,47,45,"[S, D0, O, S, S, D1, D2, D3, O]","[L1, L2, L4, ECU4, ECU3, ECU2, ECU1]"
K3,29,127,45,"[S, S, O, D0, D1, O, D2, D3, O]","[L1, L4, L3, ECU2, ECU1, ECU4, ECU3]"
K3,27,481,702,"[S, S, D0, S, D1, O, D2, D3, O]","[L4, L2, L1, ECU1, ECU2, ECU4, ECU3]"
K3,7,32,951,"[D0, D1, O, S, S, D2, D3, S, O]","[L1, L2, L4, ECU2, ECU3, ECU1, ECU4]"
K3,10,123,45,"[D0, D1, O, S, S, O, D2, D3, O]","[L1, L4, L3, ECU1, ECU3, ECU4, ECU2]"
K3,10,216,45,"[D0, D1, O, S, S, O, D2, D3, O]","[L2, L3, L4, ECU1, ECU2, ECU3, ECU4]"
K3,15,389,702,"[D0, S, O, S, D1, O, D2, D3, O]","[L3, L4, L1, ECU1, ECU4, ECU3, ECU2]"
K3,17,279,1288,"[S, D0, O, D1, D2, O, D3, S, O]","[L2, L4, L3, ECU3, ECU2, ECU4, ECU1]"
K3,15,510,803,"[D0, S, O, S, D1, O, D2, D3, O]","[L4, L2, L3, ECU2, ECU1, ECU3, ECU4]"
K3,12,316,1086,"[D0, S, O, D1, D2, O, S, D3, O]","[L3, L1, L4, ECU1, ECU4, ECU2, ECU3]"
K3,15,500,45,"[D0, S, O, S, D1, O, D2, D3, O]","[L4, L2, L1, ECU4, ECU2, ECU1, ECU3]"
K3,12,564,45,"[D0, S, O, D1, D2, O, S, D3, O]","[L4, L3, L2, ECU3, ECU1, ECU2, ECU4]"
K3,29,361,45,"[S, S, O, D0, D1, O, D2, D3, O]","[L3, L2, L4, ECU1, ECU2, ECU4, ECU3]"
K3,28,257,45,"[S, S, D0, S, S, D1, D2, D3, O]","[L2, L4, L1, ECU3, ECU4, ECU2, ECU1]"
K3,23,21,1324,"[S, S, D0, D1, D2, O, D3, S, O]","[L1, L2, L3, ECU4, ECU2, ECU3, ECU1]"
K3,17,108,45,"[S, D0, O, D1, D2, O, D3, S, O]","[L1, L4, L2, ECU3, ECU1, ECU2, ECU4]"
K3,8,150,45,"[D0, D1, O, S, S, D2, S, D3, O]","[L2, L1, L3, ECU2, ECU1, ECU3, ECU4]"
K3,14,209,45,"[D0, S, O, D1, S, O, D2, D3, O]","[L2, L3, L1, ECU3, ECU4, ECU2, ECU1]"
K3,13,231,5359,"[D0, S, O, D1, D2, O, S, S, D3]","[L2, L3, L4, ECU3, ECU2, ECU4, ECU1]"
K3,23,467,3102,"[S, S, D0, D1, D2, O, D3, S, O]","[L4, L1, L3, ECU2, ECU4, ECU3, ECU1]"
K3,1,418,1299,"[D0, D1, O, D2, S, O, D3, S, O]","[L3, L4, L2, ECU2, ECU4, ECU1, ECU3]"
K3,25,438,45,"[S, S, D0, D1, D2, O, S, S, D3]","[L4, L1, L2, ECU2, ECU1, ECU3, ECU4]"
K3,6,26,45,"[D0, D1, O, S, D2, O, S, S, D3]","[L1, L2, L4, ECU1, ECU3, ECU2, ECU4]"
K3,25,353,2136,"[S, S, D0, D1, D2, O, S, S, D3]","[L3, L2, L1, ECU3, ECU4, ECU2, ECU1]"
K3,13,185,4381,"[D0, S, O, D1, D2, O, S, S, D3]","[L2, L1, L4, ECU3, ECU4, ECU2, ECU1]"
K3,1,378,707,"[D0, D1, O, D2, S, O, D3, S, O]","[L3, L2, L4, ECU4, ECU1, ECU2, ECU3]"
K3,14,414,1357,"[D0, S, O, D1, S, O, D2, D3, O]","[L3, L4, L2, ECU2, ECU1, ECU3, ECU4]"
K3,3,528,45,"[D0, D1, O, D2, S, O, S, S, D3]","[L4, L3, L1, ECU1, ECU2, ECU3, ECU4]"
K3,20,46,45,"[S, D0, O, D1, S, O, D2, D3, O]","[L1, L2, L4, ECU4, ECU3, ECU1, ECU2]"
K3,22,221,1977,"[S, D0, O, S, S, D1, D2, D3, O]","[L2, L3, L4, ECU1, ECU4, ECU3, ECU2]"
K3,25,485,3813,"[S, S, D0, D1, D2, O, S, S, D3]","[L4, L2, L1, ECU1, ECU4, ECU3, ECU2]"
K3,25,187,45,"[S, S, D0, D1, D2, O, S, S, D3]","[L2, L1, L4, ECU4, ECU1, ECU3, ECU2]"
K3,23,505,5346,"[S, S, D0, D1, D2, O, D3, S, O]","[L4, L2, L3, ECU1, ECU2, ECU4, ECU3]"
K3,12,212,45,"[D0, S, O, D1, D2, O, S, D3, O]","[L2, L3, L1, ECU4, ECU2, ECU1, ECU3]"
K3,22,371,45,"[S, D0, O, S, S, D1, D2, D3, O]","[L3, L2, L4, ECU2, ECU4, ECU3, ECU1]"
K3,16,29,2037,"[D0, S, O, S, S, D1, D2, D3, O]","[L1, L2, L4, ECU1, ECU4, ECU3, ECU2]"
K3,9,411,45,"[D0, D1, O, S, S, D2, S, S, D3]","[L3, L4, L2, ECU1, ECU3, ECU4, ECU2]"
K3,29,31,45,"[S, S, O, D0, D1, O, D2, D3, O]","[L1, L2, L4, ECU2, ECU1, ECU4, ECU3]"
K3,6,455,688,"[D0, D1, O, S, D2, O, S, S, D3]","[L4, L1, L2, ECU4, ECU3, ECU2, ECU1]"
K3,14,422,541,"[D0, S, O, D1, S, O, D2, D3, O]","[L3, L4, L2, ECU3, ECU2, ECU1, ECU4]"
K3,0,168,45,"[D0, D1, O, D2, D3, O, S, S, O]","[L2, L1, L4, ECU1, ECU2, ECU3, ECU4]"
K3,11,183,723,"[D0, S, O, D1, D2, O, D3, S, O]","[L2, L1, L4, ECU3, ECU2, ECU4, ECU1]"
K3,1,336,45,"[D0, D1, O, D2, S, O, D3, S, O]","[L3, L2, L1, ECU1, ECU2, ECU3, ECU4]"
K3,7,180,45,"[D0, D1, O, S, S, D2, D3, S, O]","[L2, L1, L4, ECU3, ECU1, ECU2, ECU4]"
K3,14,58,45,"[D0, S, O, D1, S, O, D2, D3, O]","[L1, L3, L2, ECU2, ECU4, ECU1, ECU3]"
K3,0,237,45,"[D0, D1, O, D2, D3, O, S, S, O]","[L2, L3, L4, ECU4, ECU2, ECU3, ECU1]"
K3,7,299,749,"[D0, D1, O, S, S, D2, D3, S, O]","[L3, L1, L2, ECU2, ECU4, ECU3, ECU1]"
K3,2,429,803,"[D0, D1, O, D2, S, O, S, D3, O]","[L3, L4, L2, ECU4, ECU2, ECU3, ECU1]"
K3,19,413,2194,"[S, D0, O, D1, D2, O, S, S, D3]","[L3, L4, L2, ECU1, ECU4, ECU3, ECU2]"
K3,12,90,45,"[D0, S, O, D1, D2, O, S, D3, O]","[L1, L3, L4, ECU4, ECU1, ECU2, ECU3]"
K3,10,373,45,"[D0, D1, O, S, S, O, D2, D3, O]","[L3, L2, L4, ECU3, ECU1, ECU4, ECU2]"
K3,8,457,45,"[D0, D1, O, S, S, D2, S, D3, O]","[L4, L1, L3, ECU1, ECU2, ECU4, ECU3]"
K3,15,107,45,"[D0, S, O, S, D1, O, D2, D3, O]","[L1, L4, L2, ECU2, ECU4, ECU3, ECU1]"
K3,8,18,170,"[D0, D1, O, S, S, D2, S, D3, O]","[L1, L2, L3, ECU4, ECU1, ECU2, ECU3]"
K3,12,56,45,"[D0, S, O, D1, D2, O, S, D3, O]","[L1, L3, L2, ECU2, ECU3, ECU1, ECU4]"
K3,10,564,45,"[D0, D1, O, S, S, O, D2, D3, O]","[L4, L3, L2, ECU3, ECU1, ECU2, ECU4]"
K3,24,509,1562,"[S, S, D0, D1, D2, O, S, D3, O]","[L4, L2, L3, ECU1, ECU4, ECU3, ECU2]"
K3,0,40,45,"[D0, D1, O, D2, D3, O, S, S, O]","[L1, L2, L4, ECU3, ECU4, ECU1, ECU2]"
K3,15,160,45,"[D0, S, O, S, D1, O, D2, D3, O]","[L2, L1, L3, ECU3, ECU4, ECU1, ECU2]"
K3,29,0,45,"[S, S, O, D0, D1, O, D2, D3, O]","[L1, L2, L3, ECU1, ECU2, ECU3, ECU4]"
K3,22,173,1312,"[S, D0, O, S, S, D1, D2, D3, O]","[L2, L1, L4, ECU1, ECU4, ECU3, ECU2]"
K3,4,13,45,"[D0, D1, O, S, D2, O, D3, S, O]","[L1, L2, L3, ECU3, ECU1, ECU4, ECU2]"
K3,23,471,1570,"[S, S, D0, D1, D2, O, D3, S, O]","[L4, L1, L3, ECU3, ECU2, ECU4, ECU1]"
K3,13,385,1266,"[D0, S, O, D1, D2, O, S, S, D3]","[L3, L4, L1, ECU1, ECU2, ECU4, ECU3]"
K3,11,526,45,"[D0, S, O, D1, D2, O, D3, S, O]","[L4, L2, L3, ECU4, ECU3, ECU1, ECU2]"
K3,18,158,45,"[S, D0, O, D1, D2, O, S, D3, O]","[L2, L1, L3, ECU3, ECU2, ECU1, ECU4]"
K3,6,415,45,"[D0, D1, O, S, D2, O, S, S, D3]","[L3, L4, L2, ECU2, ECU1, ECU4, ECU3]"
K3,3,289,45,"[D0, D1, O, D2, S, O, S, S, D3]","[L3, L1, L2, ECU1, ECU2, ECU4, ECU3]"
K3,19,388,6739,"[S, D0, O, D1, D2, O, S, S, D3]","[L3, L4, L1, ECU1, ECU4, ECU2, ECU3]"
K3,28,120,4101,"[S, S, D0, S, S, D1, D2, D3, O]","[L1, L4, L3, ECU1, ECU2, ECU3, ECU4]"
K3,3,471,1916,"[D0, D1, O, D2, S, O, S, S, D3]","[L4, L1, L3, ECU3, ECU2, ECU4, ECU1]"
K3,26,556,2314,"[S, S, D0, D1, S, O, D2, D3, O]","[L4, L3, L2, ECU1, ECU4, ECU2, ECU3]"
K3,18,358,45,"[S, D0, O, D1, D2, O, S, D3, O]","[L3, L2, L1, ECU4, ECU3, ECU1, ECU2]"
K3,24,428,45,"[S, S, D0, D1, D2, O, S, D3, O]","[L3, L4, L2, ECU4, ECU2, ECU1, ECU3]"
K3,24,425,2084,"[S, S, D0, D1, D2, O, S, D3, O]","[L3, L4, L2, ECU3, ECU4, ECU2, ECU1]"
K3,27,215,45,"[S, S, D0, S, D1, O, D2, D3, O]","[L2, L3, L1, ECU4, ECU3, ECU2, ECU1]"
K3,12,509,1357,"[D0, S, O, D1, D2, O, S, D3, O]","[L4, L2, L3, ECU1, ECU4, ECU3, ECU2]"
K3,23,108,45,"[S, S, D0, D1, D2, O, D3, S, O]","[L1, L4, L2, ECU3, ECU1, ECU2, ECU4]"
K3,8,62,821,"[D0, D1, O, S, S, D2, S, D3, O]","[L1, L3, L2, ECU3, ECU2, ECU1, ECU4]"
K3,12,43,45,"[D0, S, O, D1, D2, O, S, D3, O]","[L1, L2, L4, ECU4, ECU1, ECU3, ECU2]"
K3,29,423,1503,"[S, S, O, D0, D1, O, D2, D3, O]","[L3, L4, L2, ECU3, ECU2, ECU4, ECU1]"
K3,24,200,45,"[S, S, D0, D1, D2, O, S, D3, O]","[L2, L3, L1, ECU2, ECU3, ECU1, ECU4]"
K3,22,574,45,"[S, D0, O, S, S, D1, D2, D3, O]","[L4, L3, L2, ECU4, ECU3, ECU1, ECU2]"
K3,25,270,45,"[S, S, D0, D1, D2, O, S, S, D3]","[L2, L4, L3, ECU2, ECU1, ECU3, ECU4]"
K3,10,174,45,"[D0, D1, O, S, S, O, D2, D3, O]","[L2, L1, L4, ECU2, ECU1, ECU3, ECU4]"
K3,3,193,45,"[D0, D1, O, D2, S, O, S, S, D3]","[L2, L3, L1, ECU1, ECU2, ECU4, ECU3]"
K3,7,222,45,"[D0, D1, O, S, S, D2, D3, S, O]","[L2, L3, L4, ECU2, ECU1, ECU3, ECU4]"
K3,19,567,1707,"[S, D0, O, D1, D2, O, S, S, D3]","[L4, L3, L2, ECU3, ECU2, ECU4, ECU1]"
K3,6,456,45,"[D0, D1, O, S, D2, O, S, S, D3]","[L4, L1, L3, ECU1, ECU2, ECU3, ECU4]"
K3,0,24,45,"[D0, D1, O, D2, D3, O, S, S, O]","[L1, L2, L4, ECU1, ECU2, ECU3, ECU4]"
K3,9,8,1566,"[D0, D1, O, S, S, D2, S, S, D3]","[L1, L2, L3, ECU2, ECU3, ECU1, ECU4]"
K3,28,463,2553,"[S, S, D0, S, S, D1, D2, D3, O]","[L4, L1, L3, ECU2, ECU1, ECU4, ECU3]"
K3,3,309,1503,"[D0, D1, O, D2, S, O, S, S, D3]","[L3, L1, L2, ECU4, ECU2, ECU3, ECU1]"
K3,10,538,45,"[D0, D1, O, S, S, O, D2, D3, O]","[L4, L3, L1, ECU2, ECU4, ECU1, ECU3]"
K3,18,331,45,"[S, D0, O, D1, D2, O, S, D3, O]","[L3, L1, L4, ECU4, ECU1, ECU3, ECU2]"
K3,1,553,45,"[D0, D1, O, D2, S, O, D3, S, O]","[L4, L3, L2, ECU1, ECU2, ECU4, ECU3]"
K3,19,196,3027,"[S, D0, O, D1, D2, O, S, S, D3]","[L2, L3, L1, ECU1, ECU4, ECU2, ECU3]"
K3,19,346,171,"[S, D0, O, D1, D2, O, S, S, D3]","[L3, L2, L1, ECU2, ECU4, ECU1, ECU3]"
K3,2,242,45,"[D0, D1, O, D2, S, O, S, D3, O]","[L2, L4, L1, ECU1, ECU3, ECU2, ECU4]"
K3,23,518,45,"[S, S, D0, D1, D2, O, D3, S, O]","[L4, L2, L3, ECU3, ECU2, ECU1, ECU4]"
K3,19,572,45,"[S, D0, O, D1, D2, O, S, S, D3]","[L4, L3, L2, ECU4, ECU2, ECU1, ECU3]"
K3,25,513,11003,"[S, S, D0, D1, D2, O, S, S, D3]","[L4, L2, L3, ECU2, ECU3, ECU4, ECU1]"
K3,8,208,1465,"[D0, D1, O, S, S, D2, S, D3, O]","[L2, L3, L1, ECU3, ECU4, ECU1, ECU2]"
K3,7,535,45,"[D0, D1, O, S, S, D2, D3, S, O]","[L4, L3, L1, ECU2, ECU1, ECU4, ECU3]"
K3,25,509,1896,"[S, S, D0, D1, D2, O, S, S, D3]","[L4, L2, L3, ECU1, ECU4, ECU3, ECU2]"
K3,19,179,702,"[S, D0, O, D1, D2, O, S, S, D3]","[L2, L1, L4, ECU2, ECU4, ECU3, ECU1]"
K3,7,216,45,"[D0, D1, O, S, S, D2, D3, S, O]","[L2, L3, L4, ECU1, ECU2, ECU3, ECU4]"
K3,27,500,45,"[S, S, D0, S, D1, O, D2, D3, O]","[L4, L2, L1, ECU4, ECU2, ECU1, ECU3]"
K3,13,401,3490,"[D0, S, O, D1, D2, O, S, S, D3]","[L3, L4, L1, ECU3, ECU4, ECU2, ECU1]"
K3,21,467,45,"[S, D0, O, S, D1, O, D2, D3, O]","[L4, L1, L3, ECU2, ECU4, ECU3, ECU1]"
K3,7,148,171,"[D0, D1, O, S, S, D2, D3, S, O]","[L2, L1, L3, ECU1, ECU4, ECU2, ECU3]"
K3,9,404,3235,"[D0, D1, O, S, S, D2, S, S, D3]","[L3, L4, L1, ECU4, ECU2, ECU1, ECU3]"
K3,0,141,45,"[D0, D1, O, D2, D3, O, S, S, O]","[L1, L4, L3, ECU4, ECU2, ECU3, ECU1]"
K3,8,452,702,"[D0, D1, O, S, S, D2, S, D3, O]","[L4, L1, L2, ECU4, ECU2, ECU1, ECU3]"
K3,29,504,45,"[S, S, O, D0, D1, O, D2, D3, O]","[L4, L2, L3, ECU1, ECU2, ECU3, ECU4]"
K3,24,355,45,"[S, S, D0, D1, D2, O, S, D3, O]","[L3, L2, L1, ECU4, ECU1, ECU3, ECU2]"
K3,1,404,1086,"[D0, D1, O, D2, S, O, D3, S, O]","[L3, L4, L1, ECU4, ECU2, ECU1, ECU3]"
K3,7,298,1797,"[D0, D1, O, S, S, D2, D3, S, O]","[L3, L1, L2, ECU2, ECU4, ECU1, ECU3]"
K3,25,350,45,"[S, S, D0, D1, D2, O, S, S, D3]","[L3, L2, L1, ECU3, ECU2, ECU1, ECU4]"
K3,28,497,45,"[S, S, D0, S, S, D1, D2, D3, O]","[L4, L2, L1, ECU3, ECU4, ECU2, ECU1]"
K3,18,442,497,"[S, D0, O, D1, D2, O, S, D3, O]","[L4, L1, L2, ECU2, ECU4, ECU1, ECU3]"
K3,1,432,45,"[D0, D1, O, D2, S, O, D3, S, O]","[L4, L1, L2, ECU1, ECU2, ECU3, ECU4]"
K3,2,3,45,"[D0, D1, O, D2, S, O, S, D3, O]","[L1, L2, L3, ECU1, ECU3, ECU4, ECU2]"
K3,19,471,1939,"[S, D0, O, D1, D2, O, S, S, D3]","[L4, L1, L3, ECU3, ECU2, ECU4, ECU1]"
K3,4,409,45,"[D0, D1, O, S, D2, O, D3, S, O]","[L3, L4, L2, ECU1, ECU2, ECU4, ECU3]"
K3,16,496,45,"[D0, S, O, S, S, D1, D2, D3, O]","[L4, L2, L1, ECU3, ECU4, ECU1, ECU2]"
K3,22,366,1595,"[S, D0, O, S, S, D1, D2, D3, O]","[L3, L2, L4, ECU2, ECU1, ECU3, ECU4]"
K3,12,460,1086,"[D0, S, O, D1, D2, O, S, D3, O]","[L4, L1, L3, ECU1, ECU4, ECU2, ECU3]"
K3,10,126,45,"[D0, D1, O, S, S, O, D2, D3, O]","[L1, L4, L3, ECU2, ECU1, ECU3, ECU4]"
K3,9,305,2344,"[D0, D1, O, S, S, D2, S, S, D3]","[L3, L1, L2, ECU3, ECU4, ECU2, ECU1]"
K3,18,511,541,"[S, D0, O, D1, D2, O, S, D3, O]","[L4, L2, L3, ECU2, ECU1, ECU4, ECU3]"
K3,16,288,765,"[D0, S, O, S, S, D1, D2, D3, O]","[L3, L1, L2, ECU1, ECU2, ECU3, ECU4]"
K3,14,34,45,"[D0, S, O, D1, S, O, D2, D3, O]","[L1, L2, L4, ECU2, ECU4, ECU1, ECU3]"
K3,6,542,1567,"[D0, D1, O, S, D2, O, S, S, D3]","[L4, L3, L1, ECU3, ECU2, ECU1, ECU4]"
K3,26,274,45,"[S, S, D0, D1, S, O, D2, D3, O]","[L2, L4, L3, ECU2, ECU4, ECU1, ECU3]"
K3,13,515,1704,"[D0, S, O, D1, D2, O, S, S, D3]","[L4, L2, L3, ECU2, ECU4, ECU3, ECU1]"
K3,23,186,45,"[S, S, D0, D1, D2, O, D3, S, O]","[L2, L1, L4, ECU4, ECU1, ECU2, ECU3]"
K3,10,60,45,"[D0, D1, O, S, S, O, D2, D3, O]","[L1, L3, L2, ECU3, ECU1, ECU2, ECU4]"
K3,0,473,45,"[D0, D1, O, D2, D3, O, S, S, O]","[L4, L1, L3, ECU3, ECU4, ECU2, ECU1]"
K3,22,92,45,"[S, D0, O, S, S, D1, D2, D3, O]","[L1, L3, L4, ECU4, ECU2, ECU1, ECU3]"
K3,18,111,650,"[S, D0, O, D1, D2, O, S, D3, O]","[L1, L4, L2, ECU3, ECU2, ECU4, ECU1]"
K3,27,47,45,"[S, S, D0, S, D1, O, D2, D3, O]","[L1, L2, L4, ECU4, ECU3, ECU2, ECU1]"
K3,5,565,45,"[D0, D1, O, S, D2, O, S, D3, O]","[L4, L3, L2, ECU3, ECU1, ECU4, ECU2]"
K3,19,479,1864,"[S, D0, O, D1, D2, O, S, S, D3]","[L4, L1, L3, ECU4, ECU3, ECU2, ECU1]"
K3,2,499,497,"[D0, D1, O, D2, S, O, S, D3, O]","[L4, L2, L1, ECU4, ECU1, ECU3, ECU2]"
K3,24,283,45,"[S, S, D0, D1, D2, O, S, D3, O]","[L2, L4, L3, ECU4, ECU1, ECU3, ECU2]"
K3,7,212,1557,"[D0, D1, O, S, S, D2, D3, S, O]","[L2, L3, L1, ECU4, ECU2, ECU1, ECU3]"
K3,4,431,803,"[D0, D1, O, S, D2, O, D3, S, O]","[L3, L4, L2, ECU4, ECU3, ECU2, ECU1]"
K3,6,80,3614,"[D0, D1, O, S, D2, O, S, S, D3]","[L1, L3, L4, ECU2, ECU3, ECU1, ECU4]"
K3,24,347,3027,"[S, S, D0, D1, D2, O, S, D3, O]","[L3, L2, L1, ECU2, ECU4, ECU3, ECU1]"
K3,27,309,45,"[S, S, D0, S, D1, O, D2, D3, O]","[L3, L1, L2, ECU4, ECU2, ECU3, ECU1]"
K3,13,234,45,"[D0, S, O, D1, D2, O, S, S, D3]","[L2, L3, L4, ECU4, ECU1, ECU2, ECU3]"
K3,10,368,1903,"[D0, D1, O, S, S, O, D2, D3, O]","[L3, L2, L4, ECU2, ECU3, ECU1, ECU4]"
K3,18,200,45,"[S, D0, O, D1, D2, O, S, D3, O]","[L2, L3, L1, ECU2, ECU3, ECU1, ECU4]"
K3,16,115,1203,"[D0, S, O, S, S, D1, D2, D3, O]","[L1, L4, L2, ECU4, ECU1, ECU3, ECU2]"
K3,2,562,1288,"[D0, D1, O, D2, S, O, S, D3, O]","[L4, L3, L2, ECU2, ECU4, ECU1, ECU3]"
K3,7,377,1545,"[D0, D1, O, S, S, D2, D3, S, O]","[L3, L2, L4, ECU3, ECU4, ECU2, ECU1]"
K3,13,536,45,"[D0, S, O, D1, D2, O, S, S, D3]","[L4, L3, L1, ECU2, ECU3, ECU1, ECU4]"
K3,6,75,45,"[D0, D1, O, S, D2, O, S, S, D3]","[L1, L3, L4, ECU1, ECU3, ECU4, ECU2]"
K3,27,417,1599,"[S, S, D0, S, D1, O, D2, D3, O]","[L3, L4, L2, ECU2, ECU3, ECU4, ECU1]"
K3,28,547,2031,"[S, S, D0, S, S, D1, D2, D3, O]","[L4, L3, L1, ECU4, ECU1, ECU3, ECU2]"
K3,9,1,45,"[D0, D1, O, S, S, D2, S, S, D3]","[L1, L2, L3, ECU1, ECU2, ECU4, ECU3]"
K3,17,30,45,"[S, D0, O, D1, D2, O, D3, S, O]","[L1, L2, L4, ECU2, ECU1, ECU3, ECU4]"
K3,7,179,1043,"[D0, D1, O, S, S, D2, D3, S, O]","[L2, L1, L4, ECU2, ECU4, ECU3, ECU1]"
K3,16,260,45,"[D0, S, O, S, S, D1, D2, D3, O]","[L2, L4, L1, ECU4, ECU2, ECU1, ECU3]"
K3,9,439,45,"[D0, D1, O, S, S, D2, S, S, D3]","[L4, L1, L2, ECU2, ECU1, ECU4, ECU3]"
K3,14,551,45,"[D0, S, O, D1, S, O, D2, D3, O]","[L4, L3, L1, ECU4, ECU3, ECU2, ECU1]"
K3,3,285,5359,"[D0, D1, O, D2, S, O, S, S, D3]","[L2, L4, L3, ECU4, ECU2, ECU3, ECU1]"
K3,2,481,45,"[D0, D1, O, D2, S, O, S, D3, O]","[L4, L2, L1, ECU1, ECU2, ECU4, ECU3]"
K3,7,390,45,"[D0, D1, O, S, S, D2, D3, S, O]","[L3, L4, L1, ECU2, ECU1, ECU3, ECU4]"
K3,24,350,45,"[S, S, D0, D1, D2, O, S, D3, O]","[L3, L2, L1, ECU3, ECU2, ECU1, ECU4]"
K3,9,156,45,"[D0, D1, O, S, S, D2, S, S, D3]","[L2, L1, L3, ECU3, ECU1, ECU2, ECU4]"
